Project ID,Project Name,Project Start Date,Project Completion Date,Building ID,Number,Street,Borough,Postcode,BBL,BIN,Community Board,Council District,Census Tract,NTA - Neighborhood Tabulation Area,Latitude,Longitude,Latitude (Internal),Longitude (Internal),Building Completion Date,Reporting Construction Type,Extended Affordability Only,Prevailing Wage Status,Extremely Low Income Units,Very Low Income Units,Low Income Units,Moderate Income Units,Middle Income Units,Other Income Units,Studio Units,1-BR Units,2-BR Units,3-BR Units,4-BR Units,5-BR Units,6-BR+ Units,Unknown-BR Units,Counted Rental Units,Counted Homeownership Units,All Counted Units,Total Units,BIN_normalized
58479,SOUNDVIEW HOMES - PHASE III,09/30/2020,01/26/2024,996068.0,1715,LACOMBE AVENUE,Bronx,10473.0,2035150001.0,2092605.0,BX-09,18,2001.0,BX0902,40.814487,-73.865674,40.815663,-73.86673,01/26/2024,New Construction,No,Non Prevailing Wage,,,,8.0,,,,4.0,4.0,,,,,,,8.0,8,8,2092605.0
73674,1135 TELLER AVENUE,03/20/2023,02/05/2024,112760.0,1137,TELLER AVENUE,Bronx,10456.0,2024340070.0,2000000.0,BX-04,16,175.0,BX0401,40.830737,-73.912527,40.830726,-73.91282,02/05/2024,New Construction,No,Non Prevailing Wage,,,,,43.0,,,28.0,15.0,,,,,,43.0,,43,44,2000000.0
73692,1412 COLLEGE AVENUE APARTMENTS,03/14/2023,02/06/2024,57860.0,1412,COLLEGE AVENUE,Bronx,10456.0,2027840003.0,2007236.0,BX-04,16,225.0,BX0403,40.837827,-73.910393,40.837813,-73.910049,02/06/2024,New Construction,No,Non Prevailing Wage,,,,,5.0,,2.0,3.0,,,,,,,5.0,,5,16,2007236.0
74645,1315 FINDLAY AVENUE,07/26/2023,02/16/2024,78328.0,1315,FINDLAY AVENUE,Bronx,10456.0,2027830070.0,2007211.0,BX-04,16,17702.0,BX0403,40.835459,-73.910779,40.835495,-73.911057,02/16/2024,New Construction,No,Non Prevailing Wage,,,,,18.0,,14.0,4.0,,,,,,,18.0,,18,19,2007211.0
68747,88 EAST 127TH STREET,02/03/2022,02/22/2024,991167.0,88,EAST 126 STREET,Manhattan,10035.0,,,MN-11,9,198.0,MN1102,40.805955,-73.939106,,,02/22/2024,New Construction,No,Non Prevailing Wage,,32.0,,,8.0,,15.0,9.0,16.0,,,,,,40.0,,40,160,
74235,1311 MORRIS AVENUE APARTMENTS,06/06/2023,02/26/2024,97367.0,1311,MORRIS AVENUE,Bronx,10456.0,2028160065.0,2007803.0,BX-04,16,17902.0,BX0403,40.836072,-73.912459,40.836051,-73.912809,02/26/2024,New Construction,No,Non Prevailing Wage,,,,,19.0,,15.0,4.0,,,,,,,19.0,,19,20,2007803.0
74564,3308 GLENWOOD ROAD APARTMENTS,09/21/2023,02/28/2024,1010117.0,3308,GLENWOOD ROAD,Brooklyn,11210.0,3075610041.0,3000000.0,BK-17,45,784.0,BK1702,40.634183,-73.944678,40.633947,-73.944429,02/28/2024,New Construction,No,Non Prevailing Wage,,,,,12.0,,,7.0,5.0,,,,,,12.0,,12,38,3000000.0
63026,LOS SURES. 11-23 MONTIETH ST. RHEINGOLD,09/29/2021,02/29/2024,974198.0,2025-11-23T00:00:00.000,MONTIETH STREET,Brooklyn,11206.0,3031390030.0,3000000.0,BK-04,34,391.0,BK0401,40.701439,-73.936255,40.701692,-73.936056,02/29/2024,New Construction,No,Prevailing Wage,93.0,,,,,1.0,54.0,39.0,1.0,,,,,,94.0,,94,94,3000000.0
74929,26-12 4TH STREET,09/05/2023,03/15/2024,1011370.0,26-12,4 STREET,Queens,11102.0,4009100027.0,4000000.0,QN-01,22,87.0,QN0102,40.775823,-73.932808,40.775848,-73.933118,03/15/2024,New Construction,No,Non Prevailing Wage,,,,,7.0,,,7.0,,,,,,,7.0,,7,22,4000000.0
74649,521 WEST 134TH STREET APARTMENTS,07/24/2023,03/15/2024,1009820.0,521,WEST 134 STREET,Manhattan,10031.0,1019880014.0,1000000.0,MN-09,7,22301.0,MN0902,40.818857,-73.954181,40.819085,-73.954156,03/15/2024,New Construction,No,Non Prevailing Wage,,,,,9.0,,,8.0,1.0,,,,,,9.0,,9,28,1000000.0
70454,BROOKLYN - 985 PACIFIC STREET_MIH70451,01/21/2022,04/04/2024,996698.0,985,PACIFIC STREET,Brooklyn,11238.0,3011250001.0,3000000.0,BK-08,35,305.0,BK0802,40.679566,-73.960979,40.679855,-73.961314,04/04/2024,New Construction,No,Non Prevailing Wage,,7.0,7.0,,4.0,,3.0,9.0,6.0,,,,,,18.0,,18,69,3000000.0
74950,2361 MORRIS AVE,08/08/2023,04/10/2024,1009736.0,2361,MORRIS AVENUE,Bronx,10468.0,2031830043.0,2000000.0,BX-05,14,239.0,BX0503,40.859832,-73.900884,40.859874,-73.901163,04/10/2024,New Construction,No,Non Prevailing Wage,,,,,44.0,,18.0,26.0,,,,,,,44.0,,44,45,2000000.0
73757,1701 CLAY AVENUE APARTMENTS_HPS,12/05/2022,04/15/2024,56959.0,1701,CLAY AVENUE,Bronx,10457.0,2027900049.0,2129660.0,BX-04,15,22902.0,BX0403,40.84424,-73.904883,40.844276,-73.905176,04/15/2024,New Construction,No,Non Prevailing Wage,,,,,16.0,,5.0,5.0,5.0,1.0,,,,,16.0,,16,17,2129660.0
73307,2117 BATHGATE AVENUE,09/06/2022,05/07/2024,1007119.0,2117,BATHGATE AVENUE,Bronx,10457.0,2030470019.0,2000000.0,BX-06,15,395.0,BX0602,40.851395,-73.894618,40.851568,-73.894856,05/07/2024,New Construction,No,Non Prevailing Wage,,,,,4.0,,3.0,1.0,,,,,,,4.0,,4,12,2000000.0
74212,2895 VALENTINE APARTMENTS_HPS,06/01/2023,05/08/2024,1009007.0,2895,VALENTINE AVENUE,Bronx,10458.0,2033050051.0,2129666.0,BX-07,15,40702.0,BX0702,40.870262,-73.888633,40.87049,-73.888839,05/08/2024,New Construction,No,Non Prevailing Wage,,,,,61.0,,16.0,18.0,27.0,,,,,,61.0,,61,62,2129666.0
74910,383 RUTLAND RD,12/21/2023,05/10/2024,1010222.0,383,RUTLAND ROAD,Brooklyn,11225.0,3048010154.0,3427372.0,BK-09,40,804.0,BK0902,40.659549,-73.948318,40.659769,-73.948181,05/10/2024,New Construction,No,Non Prevailing Wage,,,,,2.0,,,2.0,,,,,,,2.0,,2,6,3427372.0
64383,1921 ATLANTIC AVE,08/19/2020,05/14/2024,185836.0,1921,ATLANTIC AVENUE,Brooklyn,11233.0,3015577501.0,3000000.0,BK-03,41,301.0,BK1601,40.676877,-73.920408,40.677262,-73.920494,12/20/2022,New Construction,No,Non Prevailing Wage,60.0,58.0,117.0,,,,52.0,79.0,59.0,45.0,,,,,235.0,,235,236,3000000.0
74821,27-16 21 ST,10/23/2023,05/15/2024,1010454.0,27-16,21 STREET,Queens,11102.0,4005390032.0,4620917.0,QN-01,22,83.0,QN0102,40.771855,-73.926244,40.7719,-73.92658,05/15/2024,New Construction,No,Non Prevailing Wage,,,,,15.0,,,7.0,8.0,,,,,,15.0,,15,49,4620917.0
74931,2136-2138 BEDFORD AVE,07/31/2023,05/15/2024,1009535.0,2136,BEDFORD AVENUE,Brooklyn,11226.0,,,BK-14,40,79602.0,BK1401,40.652084,-73.955997,,,05/15/2024,New Construction,No,Non Prevailing Wage,,,,,5.0,,,,5.0,,,,,,5.0,,5,7,
70815,132-77 METROPOLITAN AVENUE,06/28/2021,05/16/2024,998853.0,132-77,METROPOLITAN AVENUE,Queens,11418.0,4092850090.0,4000000.0,QN-09,29,21602.0,QN0901,40.70284,-73.818461,40.702882,-73.817603,05/16/2024,New Construction,No,Non Prevailing Wage,,,13.0,,,,2.0,8.0,3.0,,,,,,13.0,,13,40,4000000.0
75378,873 EAST 28 ST,02/05/2024,05/22/2024,1011843.0,873,EAST 228 STREET,Bronx,10466.0,2048530011.0,2000000.0,BX-12,12,406.0,BX1201,40.888407,-73.854501,40.888409,-73.853778,05/22/2024,New Construction,No,Non Prevailing Wage,,,,,15.0,,5.0,9.0,1.0,,,,,,15.0,,15,16,2000000.0
74859,1720 LINCOLN PLACE APARTMENTS,11/15/2023,05/22/2024,1010806.0,1720,LINCOLN PLACE,Brooklyn,11233.0,,,BK-16,41,361.0,BK1601,40.669065,-73.918831,,,05/22/2024,New Construction,No,Non Prevailing Wage,,,,,11.0,,2.0,,3.0,6.0,,,,,11.0,,11,11,
72209,2109 TIEBOUT AVENUE,12/21/2021,05/22/2024,114404.0,2109,TIEBOUT AVENUE,Bronx,10457.0,2031440032.0,2013364.0,BX-05,15,379.0,BX0502,40.853095,-73.89874,40.853251,-73.898957,05/22/2024,New Construction,No,Non Prevailing Wage,,,,,5.0,,2.0,1.0,2.0,,,,,,5.0,,5,14,2013364.0
58621,TREE OF LIFE,05/24/2017,05/23/2024,972781.0,89-48,164 STREET,Queens,11432.0,4097937502.0,4000000.0,QN-12,27,44601.0,QN1201,40.707058,-73.796924,40.706092,-73.796851,05/23/2024,New Construction,No,Non Prevailing Wage,,17.0,113.0,43.0,,1.0,14.0,86.0,44.0,30.0,,,,,174.0,,174,174,4000000.0
74923,950 OGDEN AVENUE APARTMENTS,12/06/2023,05/24/2024,1011336.0,950,OGDEN AVENUE,Bronx,10452.0,2025110055.0,2000000.0,BX-04,16,189.0,BX0402,40.831734,-73.930044,40.831657,-73.929792,05/24/2024,New Construction,No,Non Prevailing Wage,,,,,13.0,,2.0,3.0,7.0,1.0,,,,,13.0,,13,13,2000000.0
73669,101 AVENUE,03/28/2023,05/24/2024,994402.0,129-19,101 AVENUE,Queens,11419.0,4094730026.0,4000000.0,QN-09,29,154.0,QN0903,40.692307,-73.81774,40.692579,-73.8177,05/24/2024,New Construction,No,Non Prevailing Wage,,,,,3.0,,,1.0,,2.0,,,,,3.0,,3,10,4000000.0
73669,101 AVENUE,03/28/2023,05/24/2024,1008703.0,129-21,101 AVENUE,Queens,11419.0,4094730024.0,4000000.0,QN-09,29,154.0,QN0903,40.69231,-73.817729,40.692614,-73.81758,05/24/2024,New Construction,No,Non Prevailing Wage,,,,,3.0,,,1.0,,2.0,,,,,3.0,,3,10,4000000.0
73669,101 AVENUE,03/28/2023,05/24/2024,1008705.0,129-25,101 AVENUE,Queens,11419.0,4094730022.0,4000000.0,QN-09,29,154.0,QN0903,40.692315,-73.817708,40.692644,-73.817476,05/24/2024,New Construction,No,Non Prevailing Wage,,,,,3.0,,,1.0,,2.0,,,,,3.0,,3,7,4000000.0
75395,219 EAST 203 ST,01/02/2024,05/29/2024,1010888.0,219,EAST 203 STREET,Bronx,10458.0,2033090036.0,2129681.0,BX-07,14,413.0,BX0702,40.873794,-73.885854,40.874011,-73.885756,05/29/2024,New Construction,No,Non Prevailing Wage,,,,,27.0,,27.0,,,,,,,,27.0,,27,28,2129681.0
72508,2333 BEAUMONT AVENUE,04/06/2022,05/29/2024,49154.0,2333,BEAUMONT AVENUE,Bronx,10458.0,2030890049.0,2012525.0,BX-06,15,391.0,BX0603,40.853101,-73.885,40.853214,-73.885217,05/29/2024,New Construction,No,Non Prevailing Wage,,,,,4.0,,4.0,,,,,,,,4.0,,4,12,2012525.0
74852,654 MADISON STREET APARTMENTS,11/27/2023,05/31/2024,1010976.0,654,MADISON STREET,Brooklyn,11221.0,3016460011.0,3000000.0,BK-03,36,293.0,BK0302,40.686862,-73.931877,40.686615,-73.932072,05/31/2024,New Construction,No,Non Prevailing Wage,,,,,12.0,,2.0,4.0,6.0,,,,,,12.0,,12,38,3000000.0
74951,2460 WHITE PLAINS ROAD,08/07/2023,06/06/2024,1009737.0,2460,WHITE PLAINS ROAD,Bronx,10467.0,2044300024.0,2000000.0,BX-11,13,330.0,BX1104,40.862428,-73.867439,40.862979,-73.866961,06/06/2024,New Construction,No,Non Prevailing Wage,,,,,31.0,,6.0,23.0,2.0,,,,,,31.0,,31,32,2000000.0
74834,254 AMBOY STREET,10/09/2023,06/07/2024,184205.0,254,AMBOY STREET,Brooklyn,11212.0,3035560041.0,3081733.0,BK-16,41,898.0,BK1602,40.664205,-73.913261,40.664238,-73.913538,06/07/2024,New Construction,No,Non Prevailing Wage,,,,,10.0,,2.0,3.0,5.0,,,,,,10.0,,10,11,3081733.0
75439,95-08 147TH PLACE.,02/06/2024,06/10/2024,1011919.0,95-08,147 PLACE,Queens,11435.0,4100270010.0,4000000.0,QN-12,27,208.0,QN1201,40.698515,-73.805595,40.698169,-73.805646,06/10/2024,New Construction,No,Non Prevailing Wage,,,,,117.0,,19.0,39.0,59.0,,,,,,117.0,,117,117,4000000.0
75434,22 EAST 177 ST,02/08/2024,06/11/2024,65879.0,22,EAST 177 STREET,Bronx,10453.0,2028520018.0,2008235.0,BX-05,14,23301.0,BX0502,40.850005,-73.909747,40.849769,-73.909813,06/11/2024,New Construction,No,Non Prevailing Wage,,,,,17.0,,17.0,,,,,,,,17.0,,17,18,2008235.0
73726,1015 ATLANTIC AVE,02/08/2023,06/11/2024,185555.0,1013,ATLANTIC AVENUE,Brooklyn,11238.0,3020190051.0,3000000.0,BK-02,35,227.0,BK0301,40.67998,-73.958967,40.680199,-73.958542,06/11/2024,New Construction,No,Non Prevailing Wage,,,,,12.0,,4.0,4.0,4.0,,,,,,12.0,,12,38,3000000.0
74999,115 WEST 190 STREET APARTMENTS,10/30/2023,06/12/2024,121294.0,115,WEST 190 STREET,Bronx,10468.0,2032200115.0,2000000.0,BX-07,14,263.0,BX0701,40.865596,-73.903819,40.865799,-73.903717,06/12/2024,New Construction,No,Non Prevailing Wage,,,,,12.0,,1.0,8.0,3.0,,,,,,12.0,,12,37,2000000.0
74818,499 CONCORD AVENUE APARTMENTS,10/26/2023,06/12/2024,58356.0,495,CONCORD AVENUE,Bronx,10455.0,2025790040.0,2000000.0,BX-01,8,35.0,BX0101,40.811853,-73.908596,40.811792,-73.908799,06/12/2024,New Construction,No,Non Prevailing Wage,,,,,10.0,,,5.0,5.0,,,,,,10.0,,10,33,2000000.0
74581,52 WEST 176TH STREET,09/13/2023,06/12/2024,121085.0,52,WEST 176 STREET,Bronx,10453.0,2028660077.0,2008464.0,BX-05,14,21502.0,BX0501,40.848655,-73.914257,40.848538,-73.914774,06/12/2024,New Construction,No,Non Prevailing Wage,,,,,24.0,,15.0,7.0,2.0,,,,,,24.0,,24,25,2008464.0
74666,127-131 CONCORD STREET APARTMENTS,08/31/2023,06/12/2024,224371.0,127,CONCORD STREET,Brooklyn,11201.0,3001070048.0,3000000.0,BK-02,33,13.0,BK0202,40.697666,-73.986282,40.697929,-73.986231,06/12/2024,New Construction,No,Non Prevailing Wage,,,,,22.0,,4.0,7.0,11.0,,,,,,22.0,,22,73,3000000.0
74847,491 EVERGREEN AVENUE,11/30/2023,06/20/2024,290786.0,491,EVERGREEN AVENUE,Brooklyn,11221.0,3033680007.0,3000000.0,BK-04,37,415.0,BK0402,40.690955,-73.916666,40.69115,-73.9165,06/20/2024,New Construction,No,Non Prevailing Wage,,,,,3.0,,,1.0,2.0,,,,,,3.0,,3,10,3000000.0
74998,49 BORINQUEN PLACE,10/31/2023,06/20/2024,1011516.0,49,BORINQUEN PLACE,Brooklyn,11211.0,,,BK-01,34,523.0,BK0102,40.710487,-73.956705,,,06/20/2024,New Construction,No,Non Prevailing Wage,,,,,5.0,,,,5.0,,,,,,5.0,,5,16,
67690,982 FULTON STREET,09/17/2021,06/25/2024,999794.0,445,GRAND AVENUE,Brooklyn,11238.0,3020150010.0,3000000.0,BK-02,35,227.0,BK0301,40.682179,-73.961558,40.682026,-73.961122,06/25/2024,New Construction,No,Non Prevailing Wage,,,20.0,,14.0,,1.0,25.0,8.0,,,,,,34.0,,34,113,3000000.0
73715,104-18 NORTHERN BLVD APARTMENTS,02/13/2023,06/26/2024,684504.0,104-18,NORTHERN BOULEVARD,Queens,11368.0,4017190008.0,4042655.0,QN-03,21,379.0,QN0303,40.757694,-73.864367,40.757441,-73.863934,06/26/2024,New Construction,No,Non Prevailing Wage,,,,,3.0,,,2.0,1.0,,,,,,3.0,,3,7,4042655.0
73214,1010 BEDFORD AVENUE & 263 SKILLMAN STREET,06/09/2022,06/26/2024,975465.0,1010,BEDFORD AVENUE,Brooklyn,11205.0,3019420012.0,3055424.0,BK-03,36,233.0,BK0301,40.690439,-73.95533,40.69036,-73.955827,06/26/2024,New Construction,No,Non Prevailing Wage,,,,,16.0,,,4.0,,12.0,,,,,16.0,,16,52,3055424.0
74823,1297 COLLEGE AVE,10/19/2023,07/15/2024,1010339.0,1297,COLLEGE AVENUE,Bronx,10456.0,2027850075.0,2000000.0,BX-04,16,17702.0,BX0403,40.835257,-73.911928,40.835257,-73.912062,07/15/2024,New Construction,No,Non Prevailing Wage,,,,,11.0,,,8.0,,3.0,,,,,11.0,,11,12,2000000.0
74930,285 EAST 169 ST,09/04/2023,07/15/2024,1009956.0,285,EAST 169 STREET,Bronx,10456.0,2027850075.0,2000000.0,BX-04,16,17702.0,BX0403,40.835136,-73.912395,40.835257,-73.912062,07/15/2024,New Construction,No,Non Prevailing Wage,,,,,9.0,,8.0,1.0,,,,,,,9.0,,9,10,2000000.0
75673,961 WESTCHESTER AVE APARTMENTS,05/16/2024,07/24/2024,1012099.0,961,WESTCHESTER AVENUE,Bronx,10459.0,2027150001.0,2000000.0,BX-02,17,12901.0,BX0202,40.822714,-73.895719,40.823051,-73.895653,07/24/2024,New Construction,No,Non Prevailing Wage,,,,,22.0,,1.0,1.0,20.0,,,,,,22.0,,22,47,2000000.0
75682,1688 EAST 18 APARTMENTS,05/13/2024,07/24/2024,1012988.0,1688,EAST 18 STREET,Brooklyn,11229.0,3067800037.0,3000000.0,BK-15,48,552.0,BK1502,40.60899,-73.955424,40.608963,-73.955701,07/24/2024,New Construction,No,Non Prevailing Wage,,,,,18.0,,4.0,6.0,8.0,,,,,,18.0,,18,19,3000000.0
74855,261 BEDFORD PARK BLVD APARTMENTS,11/21/2023,07/24/2024,1008155.0,261,BEDFORD PARK BOULEVARD,Bronx,10458.0,2032980009.0,2000000.0,BX-07,11,415.0,BX0702,40.870674,-73.886087,40.870852,-73.885826,07/24/2024,New Construction,No,Non Prevailing Wage,,,,,27.0,,12.0,15.0,,,,,,,27.0,,27,29,2000000.0
74815,88-06 161 STREET,10/29/2023,07/24/2024,1012319.0,88-06,161 STREET,Queens,11432.0,4097640063.0,4000000.0,QN-12,24,44602.0,QN1201,40.707847,-73.800871,40.707856,-73.801145,07/24/2024,New Construction,No,Non Prevailing Wage,,,,,14.0,,,12.0,2.0,,,,,,14.0,,14,45,4000000.0
74667,630 GRAND STREET APARTMENTS,08/31/2023,07/24/2024,1009974.0,630,GRAND STREET,Brooklyn,11211.0,3027870010.0,3000000.0,BK-01,34,503.0,BK0104,40.711356,-73.946843,40.711117,-73.946886,07/24/2024,New Construction,No,Non Prevailing Wage,,,,,6.0,,,6.0,,,,,,,6.0,,6,20,3000000.0
74925,3854 BAILEY AVE,12/05/2023,08/01/2024,46592.0,3854,BAILEY AVENUE,Bronx,10463.0,2032630039.0,2092479.0,BX-08,11,279.0,BX0801,40.885227,-73.895968,40.88498,-73.895802,08/01/2024,New Construction,No,Non Prevailing Wage,,,,,14.0,,14.0,,,,,,,,14.0,,14,15,2092479.0
73274,99-45 66TH AVENUE,09/08/2022,08/07/2024,458509.0,99-45,66 AVENUE,Queens,11374.0,4021160057.0,4050958.0,QN-06,29,71304.0,QN0602,40.728445,-73.854439,40.728995,-73.853356,08/07/2024,New Construction,No,Non Prevailing Wage,,,,,4.0,,,4.0,,,,,,,4.0,,4,12,4050958.0
75455,3082 VILLA AVENUE APARTMENTS,03/21/2024,08/09/2024,1012477.0,3082,VILLA AVENUE,Bronx,10468.0,2033100019.0,2000000.0,BX-07,14,411.0,BX0702,40.874238,-73.887932,40.874005,-73.887745,08/09/2024,New Construction,No,Non Prevailing Wage,,,,,59.0,,14.0,12.0,33.0,,,,,,59.0,,59,59,2000000.0
74848,1166 FOX STREET_HPS,11/29/2023,08/20/2024,996231.0,1166,FOX STREET,Bronx,10459.0,2029740030.0,2000000.0,BX-03,17,125.0,BX0303,40.828723,-73.89383,40.828898,-73.893552,08/20/2024,New Construction,No,Non Prevailing Wage,,,,,58.0,,,58.0,,,,,,,58.0,,58,59,2000000.0
74918,1309 FINDLAY APARTMENTS,12/11/2023,08/21/2024,1011197.0,1309,FINDLAY AVENUE,Bronx,10456.0,2027830072.0,2007212.0,BX-04,16,17702.0,BX0403,40.835352,-73.910844,40.835399,-73.911115,08/21/2024,New Construction,No,Non Prevailing Wage,,,,,24.0,,13.0,10.0,,,,1.0,,,24.0,,24,25,2007212.0
74826,80 LINDEN BOULEVARD,10/19/2023,08/21/2024,327524.0,80,LINDEN BOULEVARD,Brooklyn,11226.0,3050870008.0,3000000.0,BK-17,40,822.0,BK1701,40.652336,-73.955452,40.65204,-73.95577,08/21/2024,New Construction,No,Non Prevailing Wage,,,,,14.0,,,8.0,6.0,,,,,,14.0,,14,45,3000000.0
73221,THE MARATHON BUILDING - 31-07 38TH AVENUE,06/07/2022,08/21/2024,1007045.0,31-07,38 AVENUE,Queens,11101.0,4003730002.0,4436763.0,QN-01,26,51.0,QN0105,40.753713,-73.931866,40.753752,-73.931422,08/21/2024,New Construction,No,Non Prevailing Wage,,,,,4.0,,,2.0,1.0,1.0,,,,,4.0,,4,12,4436763.0
75424,2758 CRESTON AVE,03/05/2024,08/28/2024,1012287.0,2758,CRESTON AVENUE,Bronx,10468.0,2033150031.0,2129722.0,BX-07,14,40303.0,BX0702,40.869459,-73.893154,40.869626,-73.892684,08/28/2024,New Construction,No,Non Prevailing Wage,,,,,20.0,,20.0,,,,,,,,20.0,,20,21,2129722.0
74989,32-53 101 STREET,11/09/2023,08/28/2024,684438.0,101-01,NORTHERN BOULEVARD,Queens,11368.0,4016967501.0,4000000.0,QN-03,21,365.0,QN0302,40.757464,-73.86733,40.757728,-73.867287,08/28/2024,New Construction,No,Non Prevailing Wage,,,,,8.0,,,,8.0,,,,,,8.0,,8,24,4000000.0
73696,36-10 31ST STREET,03/06/2023,08/28/2024,418155.0,36-10,31 STREET,Queens,11106.0,4005997501.0,4007869.0,QN-01,26,51.0,QN0105,40.756229,-73.930052,40.756342,-73.930365,08/28/2024,New Construction,No,Non Prevailing Wage,,,,,13.0,,3.0,9.0,1.0,,,,,,13.0,,13,41,4007869.0
73761,282 GRAND STREET APARTMENTS,11/03/2022,08/28/2024,991290.0,286,GRAND STREET,Manhattan,10002.0,1004180051.0,1000000.0,MN-03,1,18.0,MN0302,40.717725,-73.992417,40.717933,-73.99237,08/28/2024,New Construction,No,Non Prevailing Wage,,,3.0,,5.0,,,8.0,,,,,,,8.0,,8,25,1000000.0
69253,58 VANDERBILT AVENUE,10/19/2021,09/05/2024,992915.0,205,PARK AVENUE,Brooklyn,11205.0,3020330050.0,3000000.0,BK-02,35,211.0,BK0203,40.696148,-73.970901,40.696288,-73.97093,09/05/2024,New Construction,No,Non Prevailing Wage,,9.0,9.0,5.0,,,9.0,10.0,4.0,,,,,,23.0,,23,90,3000000.0
67981,GRAND STREET GUILD,06/28/2022,09/13/2024,1003757.0,165,BROOME STREET,Manhattan,10002.0,1003410060.0,1000000.0,MN-03,1,1402.0,MN0302,40.71672,-73.985646,40.716495,-73.98587,09/13/2024,New Construction,No,Non Prevailing Wage,70.0,46.0,115.0,,,1.0,26.0,103.0,77.0,26.0,,,,,232.0,,232,232,1000000.0
75680,408 HAWTHORNE ST,05/14/2024,09/19/2024,1012969.0,408,HAWTHORNE STREET,Brooklyn,11203.0,3048200016.0,3000000.0,BK-09,40,810.0,BK0902,40.658072,-73.946712,40.657863,-73.946694,09/19/2024,New Construction,No,Non Prevailing Wage,,,,,3.0,,1.0,2.0,,,,,,,3.0,,3,9,3000000.0
75393,2798 WEBB AVE APARTMENTS,01/03/2024,09/19/2024,120406.0,2798,WEBB AVENUE,Bronx,10468.0,2032490141.0,2015354.0,BX-08,14,26702.0,BX0801,40.871692,-73.901123,40.871722,-73.90083,09/19/2024,New Construction,No,Non Prevailing Wage,,,,,16.0,,5.0,11.0,,,,,,,16.0,,16,17,2015354.0
44223,ROCHESTER SUYDAM PHASE 1,06/30/2021,09/24/2024,927737.0,335,RALPH AVENUE,Brooklyn,11233.0,3015560003.0,3000000.0,BK-03,41,301.0,BK1601,40.677644,-73.921745,40.677474,-73.921492,09/24/2024,New Construction,No,Non Prevailing Wage,,,,13.0,,,,2.0,11.0,,,,,,,13.0,13,13,3000000.0
44223,ROCHESTER SUYDAM PHASE 1,06/30/2021,09/24/2024,969695.0,35,ROCHESTER AVENUE,Brooklyn,11233.0,3017090009.0,3000000.0,BK-03,41,299.0,BK0302,40.677925,-73.927466,40.677886,-73.927181,06/11/2024,New Construction,No,Non Prevailing Wage,,,,2.0,6.0,,,2.0,6.0,,,,,,,8.0,8,8,3000000.0
44223,ROCHESTER SUYDAM PHASE 1,06/30/2021,09/24/2024,975702.0,18-22,SUYDAM PLACE,Brooklyn,11233.0,3017090028.0,3000000.0,BK-03,41,299.0,BK0302,40.677823,-73.926554,40.677782,-73.926828,03/05/2024,New Construction,No,Non Prevailing Wage,,,,14.0,1.0,,,14.0,1.0,,,,,,,15.0,15,15,3000000.0
44223,ROCHESTER SUYDAM PHASE 1,06/30/2021,09/24/2024,977564.0,329,RALPH AVENUE,Brooklyn,11233.0,3015560007.0,3000000.0,BK-03,41,301.0,BK1601,40.677798,-73.92173,40.677663,-73.921474,07/24/2024,New Construction,No,Non Prevailing Wage,,,,10.0,,,,3.0,7.0,,,,,,,10.0,10,10,3000000.0
74849,2-24 26TH AVE APARTMENTS,11/29/2023,09/26/2024,412315.0,2025-02-24T00:00:00.000,26 AVENUE,Queens,11102.0,4009140022.0,4000000.0,QN-01,22,87.0,QN0102,40.776661,-73.9342,40.776241,-73.93411,09/26/2024,New Construction,No,Non Prevailing Wage,,,,,42.0,,3.0,29.0,10.0,,,,,,42.0,,42,137,4000000.0
74609,61-13 UTOPIA PARKWAY,07/10/2023,09/26/2024,701201.0,61-13,UTOPIA PARKWAY,Queens,11365.0,4070700047.0,4000000.0,QN-08,24,1341.0,QN0803,40.73866,-73.792942,40.73842,-73.792376,09/26/2024,New Construction,No,Non Prevailing Wage,,,,,3.0,,,1.0,2.0,,,,,,3.0,,3,7,4000000.0
74614,128 WEST 167TH STREET,07/05/2023,09/26/2024,1005071.0,128,WEST 167 STREET,Bronx,10452.0,2025140061.0,2000000.0,BX-04,16,199.0,BX0402,40.836752,-73.926545,40.836532,-73.926552,09/26/2024,New Construction,No,Non Prevailing Wage,,,,,32.0,,10.0,17.0,5.0,,,,,,32.0,,32,33,2000000.0
74943,210 CLARKSON APARTMENTS,06/08/2023,09/26/2024,1011107.0,210,CLARKSON AVENUE,Brooklyn,11226.0,3050660011.0,3000000.0,BK-17,40,820.0,BK1701,40.655272,-73.952477,40.654918,-73.952535,09/26/2024,New Construction,No,Non Prevailing Wage,,,,,50.0,,10.0,29.0,11.0,,,,,,50.0,,50,165,3000000.0
69505,COMUNILIFE. 171 THROOP AVE. WOODHULL II,11/04/2022,09/26/2024,1006443.0,171,THROOP AVENUE,Brooklyn,11206.0,3017230003.0,3000000.0,BK-03,36,28501.0,BK0302,40.698685,-73.944029,40.698863,-73.943776,09/26/2024,New Construction,No,Non Prevailing Wage,77.0,,15.0,,,1.0,71.0,22.0,,,,,,,93.0,,93,93,3000000.0
64828,RB.598-604 E 40TH STREET.BETHANY HOUSES,09/19/2022,10/11/2024,989272.0,604,EAST 40 STREET,Brooklyn,11203.0,3049730016.0,3000000.0,BK-17,45,834.0,BK1702,40.640688,-73.938903,40.64071,-73.939177,10/11/2024,New Construction,No,Prevailing Wage,57.0,,,,,1.0,45.0,12.0,,1.0,,,,,58.0,,58,58,3000000.0
75428,2093 MATTHEWS AVENUE,02/29/2024,10/17/2024,94875.0,2093,MATTHEWS AVENUE,Bronx,10462.0,2042930046.0,2000000.0,BX-11,13,228.0,BX1101,40.853541,-73.862971,40.853681,-73.863242,10/17/2024,New Construction,No,Non Prevailing Wage,,,,,13.0,,2.0,9.0,2.0,,,,,,13.0,,13,37,2000000.0
70913,ROCHESTER SUYDAM PHASE I,06/30/2021,10/23/2024,1017491.0,335,RALPH AVENUE,Brooklyn,11233.0,3015560003.0,3000000.0,BK-03,41,301.0,BK1601,40.677644,-73.921745,40.677474,-73.921492,09/24/2024,New Construction,No,Non Prevailing Wage,,,,13.0,,,,2.0,11.0,,,,,,,13.0,13,13,3000000.0
70913,ROCHESTER SUYDAM PHASE I,06/30/2021,10/23/2024,1017549.0,331,RALPH AVENUE,Brooklyn,11233.0,3015560007.0,3000000.0,BK-03,41,301.0,BK1601,40.677746,-73.921734,40.677663,-73.921474,10/23/2024,New Construction,No,Non Prevailing Wage,,,,10.0,,,,3.0,7.0,,,,,,,10.0,10,10,3000000.0
74551,1441 TELLER APARTMENTS,07/18/2023,10/25/2024,112859.0,1441,TELLER AVENUE,Bronx,10456.0,2027840017.0,2007238.0,BX-04,16,225.0,BX0403,40.838098,-73.908983,40.838334,-73.909189,10/25/2024,New Construction,No,Non Prevailing Wage,,,,,15.0,,5.0,4.0,6.0,,,,,,15.0,,15,16,2007238.0
71927,QUEENS - 43-15 52 STREET_MIH71732,06/10/2022,10/29/2024,1004233.0,43-15,52 STREET,Queens,11377.0,4013210016.0,4000000.0,QN-02,26,25302.0,QN0202,40.743792,-73.912547,40.743495,-73.912349,10/29/2024,New Construction,No,Non Prevailing Wage,,9.0,9.0,3.0,2.0,,,13.0,10.0,,,,,,23.0,,23,87,4000000.0
74675,340 LENOX ROAD APARTMENTS,08/22/2023,10/31/2024,324145.0,342,LENOX ROAD,Brooklyn,11226.0,3048530041.0,3000000.0,BK-17,40,818.0,BK1701,40.654254,-73.948222,40.653906,-73.948121,10/31/2024,New Construction,No,Non Prevailing Wage,,,,,14.0,,4.0,10.0,,,,,,,14.0,,14,46,3000000.0
66909,111 WILLOW AVENUE,06/30/2021,10/31/2024,997246.0,750,EAST 134 STREET,Bronx,10454.0,2025627501.0,2000000.0,BX-01,8,1902.0,BX0101,40.801943,-73.913905,40.801435,-73.913718,11/21/2023,New Construction,No,Non Prevailing Wage,33.0,40.0,59.0,,,1.0,23.0,70.0,26.0,14.0,,,,,133.0,,133,133,2000000.0
69591,GREENPOINT LANDING H1H2,06/24/2021,10/31/2024,995045.0,45,COMMERCIAL STREET,Brooklyn,11222.0,3024727504.0,3000000.0,BK-01,33,56302.0,BK0101,40.736593,-73.957951,40.736903,-73.958182,08/04/2023,New Construction,No,Non Prevailing Wage,123.0,68.0,111.0,71.0,,1.0,93.0,93.0,188.0,,,,,,374.0,,374,374,3000000.0
75659,390 EAST MOSHOLU PKWY,06/06/2024,11/06/2024,1013192.0,390,EAST MOSHOLU PARKWAY SOU,Bronx,10458.0,2032810075.0,2000000.0,BX-07,11,415.0,BX0702,40.869129,-73.881635,40.869023,-73.881932,11/06/2024,New Construction,No,Non Prevailing Wage,,,,,51.0,,11.0,37.0,3.0,,,,,,51.0,,51,52,2000000.0
69567,ASLAND CAPITAL. 1940 TURNBULL AVE. PL SARA,03/31/2022,11/06/2024,1003176.0,1940,TURNBULL AVENUE,Bronx,10473.0,2036720030.0,2000000.0,BX-09,18,16.0,BX0902,40.822884,-73.857564,40.82264,-73.857619,11/06/2024,New Construction,No,Prevailing Wage,153.0,,,,,1.0,122.0,31.0,1.0,,,,,,154.0,,154,154,2000000.0
74237,25-70 32 STREET APARTMENTS,06/15/2023,11/13/2024,1009453.0,25-70,32 STREET,Queens,11102.0,4006200046.0,4000000.0,QN-01,22,6501.0,QN0103,40.768666,-73.918605,40.768307,-73.919111,11/13/2024,New Construction,No,Non Prevailing Wage,,,,,5.0,,1.0,1.0,3.0,,,,,,5.0,,5,15,4000000.0
68458,LANTERN. 437 EUCLID AVE,06/24/2022,11/15/2024,994674.0,437,EUCLID AVENUE,Brooklyn,11208.0,,,BK-05,42,1196.0,BK0505,40.676444,-73.87216,,,06/24/2022,New Construction,No,Non Prevailing Wage,88.0,33.0,13.0,,,1.0,81.0,14.0,32.0,8.0,,,,,135.0,,135,135,
75687,368 EAST 152 ST,05/02/2024,11/20/2024,1012773.0,368,EAST 152 STREET,Bronx,10455.0,2023980011.0,2000000.0,BX-01,17,67.0,BX0102,40.818565,-73.918118,40.818343,-73.918125,11/20/2024,New Construction,No,Non Prevailing Wage,,,,,32.0,,7.0,6.0,14.0,5.0,,,,,32.0,,32,32,2000000.0
75473,597 GRAND STREET APARTMENTS,03/08/2024,11/21/2024,302758.0,597,GRAND STREET,Brooklyn,11211.0,3027800001.0,3000000.0,BK-01,34,503.0,BK0104,40.711255,-73.948069,40.711469,-73.948336,11/21/2024,New Construction,No,Non Prevailing Wage,,,,,56.0,,6.0,43.0,7.0,,,,,,56.0,,56,185,3000000.0
63772,BRONX POINT A,12/29/2020,11/21/2024,975365.0,65,EAST 149 STREET,Bronx,10451.0,2023567501.0,2000000.0,BX-04,8,6301.0,BX0401,40.819556,-73.931304,40.820256,-73.931462,11/02/2023,New Construction,No,Non Prevailing Wage,163.0,108.0,162.0,108.0,,1.0,135.0,192.0,122.0,93.0,,,,,542.0,,542,542,2000000.0
73299,104-08 NORTHERN BOULEVARD,11/28/2022,11/22/2024,684494.0,104-08,NORTHERN BOULEVARD,Queens,11368.0,4017190003.0,4042651.0,QN-03,21,379.0,QN0303,40.757691,-73.864432,40.757417,-73.864299,11/22/2024,New Construction,No,Non Prevailing Wage,,,,,3.0,,,3.0,,,,,,,3.0,,3,7,4042651.0
74140,393 WEIRFILED STREET APARTMENT,10/12/2022,11/22/2024,389703.0,389,WEIRFIELD STREET,Brooklyn,11237.0,3034000068.0,3000000.0,BK-04,37,439.0,BK0402,40.695699,-73.90661,40.69608,-73.906649,11/22/2024,New Construction,No,Non Prevailing Wage,,,,,20.0,,3.0,10.0,7.0,,,,,,20.0,,20,66,3000000.0
74173,99-49 66 AVENUE,04/04/2023,11/25/2024,458510.0,99-49,66 AVENUE,Queens,11374.0,4021160056.0,4050957.0,QN-06,29,71304.0,QN0602,40.728447,-73.854436,40.729028,-73.853247,11/25/2024,New Construction,No,Non Prevailing Wage,,,,,6.0,,2.0,2.0,2.0,,,,,,6.0,,6,18,4050957.0
75391,1670 TOWNSEND AVE,01/04/2024,11/26/2024,115662.0,1670,TOWNSEND AVENUE,Bronx,10453.0,2028480050.0,2000000.0,BX-05,14,22701.0,BX0502,40.845937,-73.912449,40.845577,-73.912388,11/26/2024,New Construction,No,Non Prevailing Wage,,,,,24.0,,24.0,,,,,,,,24.0,,24,25,2000000.0
74586,138-25 BARCLAY AVE APARTMENTS,08/16/2023,11/26/2024,630358.0,138-25,BARCLAY AVENUE,Queens,11355.0,4050440074.0,4000000.0,QN-07,20,853.0,QN0707,40.758262,-73.827147,40.758427,-73.827579,11/26/2024,New Construction,No,Non Prevailing Wage,,,,,15.0,,1.0,6.0,8.0,,,,,,15.0,,15,48,4000000.0
75672,65 4TH AVE APARTMENTS,05/20/2024,11/27/2024,1013180.0,65,4 AVENUE,Brooklyn,11217.0,3009320007.0,3000000.0,BK-06,39,12901.0,BK0602,40.682242,-73.97977,40.68214,-73.979438,11/27/2024,New Construction,No,Non Prevailing Wage,,,,,9.0,,,9.0,,,,,,,9.0,,9,9,3000000.0
74995,53-10 102ND STREET,11/07/2023,11/27/2024,513538.0,53-10,102 STREET,Queens,11368.0,4019380018.0,4000000.0,QN-04,21,44301.0,QN0402,40.741214,-73.859207,40.740959,-73.859305,11/27/2024,New Construction,No,Non Prevailing Wage,,,,,3.0,,,2.0,1.0,,,,,,3.0,,3,7,4000000.0
72110,BK-2715 FULTON STREET_MIH72082,04/03/2023,12/04/2024,1002332.0,2715,FULTON STREET,Brooklyn,11207.0,3036620048.0,3000000.0,BK-05,37,1146.0,BK0501,40.67762,-73.894532,40.677757,-73.894745,12/04/2024,New Construction,No,Non Prevailing Wage,,7.0,5.0,3.0,,,,,15.0,,,,,,15.0,,15,60,3000000.0
75711,555 BROADWAY,04/04/2024,12/05/2024,1013111.0,28,BOERUM STREET,Brooklyn,11206.0,3030760018.0,3071329.0,BK-01,34,491.0,BK0104,40.705365,-73.948568,40.704986,-73.948345,,New Construction,No,Non Prevailing Wage,,,,,81.0,,25.0,49.0,7.0,,,,,,81.0,,81,270,3071329.0
75474,255 LORIMER STREET & 28 BOERUM,03/13/2024,12/05/2024,210985.0,24,BOERUM STREET,Brooklyn,11206.0,3030760018.0,3071329.0,BK-01,34,491.0,BK0104,40.705349,-73.948723,40.704986,-73.948345,12/05/2024,New Construction,No,Non Prevailing Wage,,,,,20.0,,6.0,9.0,5.0,,,,,,20.0,,20,66,3071329.0
74676,1047 OGDEN AVE,08/21/2023,12/05/2024,1009802.0,1047,OGDEN AVENUE,Bronx,10452.0,2025250025.0,2129641.0,BX-04,16,189.0,BX0402,40.834151,-73.928701,40.834335,-73.928907,12/05/2024,New Construction,No,Non Prevailing Wage,,,,,45.0,,11.0,11.0,23.0,,,,,,45.0,,45,45,2129641.0
67286,ROCKAWAY VILLAGE PHASE 1B (RITA STARK SITE),12/30/2019,12/10/2024,986841.0,20-52,MOTT AVENUE,Queens,11691.0,4155377501.0,4000000.0,QN-14,31,103202.0,QN1401,40.604427,-73.753203,40.6053,-73.753265,06/27/2022,New Construction,No,Non Prevailing Wage,24.0,92.0,114.0,,,1.0,19.0,77.0,102.0,33.0,,,,,231.0,,231,231,4000000.0
67286,ROCKAWAY VILLAGE PHASE 1B (RITA STARK SITE),12/30/2019,12/10/2024,989998.0,20-10,MOTT AVENUE,Queens,11691.0,4155377501.0,4000000.0,QN-14,31,103202.0,QN1401,40.604334,-73.752998,40.6053,-73.753265,05/27/2022,New Construction,No,Non Prevailing Wage,8.0,34.0,43.0,,,,13.0,22.0,37.0,13.0,,,,,85.0,,85,85,4000000.0
64885,ROCKAWAY VILLAGE PHASE 1 (RITA STARK SITE),06/27/2018,12/10/2024,983133.0,20-02,MOTT AVENUE,Queens,11691.0,,,QN-14,31,103202.0,QN1401,40.604317,-73.752959,,,12/10/2024,New Construction,No,Non Prevailing Wage,67.0,68.0,320.0,,,2.0,47.0,136.0,208.0,66.0,,,,,457.0,,457,457,
53383,85 COMMERCIAL ST.,05/05/2015,12/12/2024,957028.0,85,COMMERCIAL STREET,Brooklyn,11222.0,3024720410.0,3000000.0,BK-01,33,56302.0,BK0101,40.7376,-73.95616,40.737987,-73.957077,12/12/2024,New Construction,No,Non Prevailing Wage,,20.0,48.0,1.0,3.0,,18.0,18.0,27.0,9.0,,,,,72.0,,72,240,3000000.0
53383,85 COMMERCIAL ST.,05/05/2015,12/12/2024,1012251.0,77,COMMERCIAL STREET,Brooklyn,11222.0,3024720410.0,3000000.0,BK-01,33,56302.0,BK0101,40.737474,-73.95637,40.737987,-73.957077,12/12/2024,New Construction,No,Non Prevailing Wage,,,21.0,21.0,11.0,,13.0,7.0,33.0,,,,,,53.0,,53,233,3000000.0
53383,85 COMMERCIAL ST.,05/05/2015,12/12/2024,1012628.0,87,COMMERCIAL STREET,Brooklyn,11222.0,3024720410.0,3000000.0,BK-01,33,56302.0,BK0101,40.73763,-73.956106,40.737987,-73.957077,12/12/2024,New Construction,No,Non Prevailing Wage,,,37.0,12.0,26.0,,9.0,32.0,24.0,10.0,,,,,75.0,,75,293,3000000.0
75437,101-07 91 STREET,02/07/2024,12/13/2024,1012778.0,101-07,91 STREET,Queens,11416.0,4090980001.0,4000000.0,QN-09,32,4001.0,QN0904,40.683051,-73.849289,40.683113,-73.849123,12/13/2024,New Construction,No,Non Prevailing Wage,,,,,4.0,,,4.0,,,,,,,4.0,,4,12,4000000.0
64415,SPRING CREEK PHASE 4C,12/22/2022,12/13/2024,991851.0,429,VANDALIA AVENUE,Brooklyn,11239.0,3044520110.0,3000000.0,BK-05,42,107001.0,BK0504,40.654644,-73.87586,40.654815,-73.876829,10/30/2024,New Construction,No,Non Prevailing Wage,,,8.0,,,,,,1.0,7.0,,,,,8.0,,8,8,3000000.0
64415,SPRING CREEK PHASE 4C,12/22/2022,12/13/2024,991858.0,71,GATEWAY DRIVE,Brooklyn,11239.0,3044520237.0,3000000.0,BK-05,42,107001.0,BK0504,40.654333,-73.877782,40.654448,-73.877551,12/11/2024,New Construction,No,Non Prevailing Wage,,,8.0,,,,,,1.0,7.0,,,,,8.0,,8,8,3000000.0
64415,SPRING CREEK PHASE 4C,12/22/2022,12/13/2024,991859.0,77,GATEWAY DRIVE,Brooklyn,11239.0,3044520236.0,3000000.0,BK-05,42,107001.0,BK0504,40.654204,-73.877789,40.654335,-73.877533,12/13/2024,New Construction,No,Non Prevailing Wage,6.0,2.0,,,,,,1.0,7.0,,,,,,8.0,,8,8,3000000.0
64415,SPRING CREEK PHASE 4C,12/22/2022,12/13/2024,991860.0,79,GATEWAY DRIVE,Brooklyn,11239.0,3044520234.0,3000000.0,BK-05,42,107001.0,BK0504,40.65416,-73.877789,40.654247,-73.877537,12/10/2024,New Construction,No,Non Prevailing Wage,,8.0,,,,,,1.0,7.0,,,,,,8.0,,8,8,3000000.0
64415,SPRING CREEK PHASE 4C,12/22/2022,12/13/2024,991861.0,81,GATEWAY DRIVE,Brooklyn,11239.0,3044520233.0,3000000.0,BK-05,42,107001.0,BK0504,40.654116,-73.877786,40.654157,-73.877544,12/02/2024,New Construction,No,Non Prevailing Wage,5.0,3.0,,,,,,1.0,7.0,,,,,,8.0,,8,8,3000000.0
64415,SPRING CREEK PHASE 4C,12/22/2022,12/13/2024,991862.0,83,GATEWAY DRIVE,Brooklyn,11239.0,3044520232.0,3000000.0,BK-05,42,107001.0,BK0504,40.654072,-73.877782,40.654069,-73.877494,12/02/2024,New Construction,No,Non Prevailing Wage,,,8.0,,,,,1.0,7.0,,,,,,8.0,,8,8,3000000.0
64415,SPRING CREEK PHASE 4C,12/22/2022,12/13/2024,991863.0,85,GATEWAY DRIVE,Brooklyn,11239.0,3044520231.0,3000000.0,BK-05,42,107001.0,BK0504,40.654028,-73.877779,40.653954,-73.877487,11/25/2024,New Construction,No,Non Prevailing Wage,4.0,4.0,,,,,,1.0,7.0,,,,,,8.0,,8,8,3000000.0
64415,SPRING CREEK PHASE 4C,12/22/2022,12/13/2024,991864.0,87,GATEWAY DRIVE,Brooklyn,11239.0,3044520230.0,3000000.0,BK-05,42,107001.0,BK0504,40.653987,-73.877775,40.653849,-73.877465,11/25/2024,New Construction,No,Non Prevailing Wage,,,8.0,,,,1.0,1.0,6.0,,,,,,8.0,,8,8,3000000.0
64415,SPRING CREEK PHASE 4C,12/22/2022,12/13/2024,991865.0,89,GATEWAY DRIVE,Brooklyn,11239.0,3044520229.0,3000000.0,BK-05,42,107001.0,BK0504,40.653943,-73.877768,40.653756,-73.87744,11/25/2024,New Construction,No,Non Prevailing Wage,3.0,5.0,,,,,,1.0,7.0,,,,,,8.0,,8,8,3000000.0
64415,SPRING CREEK PHASE 4C,12/22/2022,12/13/2024,991866.0,91,GATEWAY DRIVE,Brooklyn,11239.0,3044520228.0,3000000.0,BK-05,42,107001.0,BK0504,40.653899,-73.877757,40.653668,-73.877404,12/10/2024,New Construction,No,Non Prevailing Wage,,,8.0,,,,,1.0,7.0,,,,,,8.0,,8,8,3000000.0
64415,SPRING CREEK PHASE 4C,12/22/2022,12/13/2024,991867.0,93,GATEWAY DRIVE,Brooklyn,11239.0,3044520227.0,3000000.0,BK-05,42,107001.0,BK0504,40.653858,-73.877747,40.653583,-73.877369,11/25/2024,New Construction,No,Non Prevailing Wage,6.0,2.0,,,,,,1.0,7.0,,,,,,8.0,,8,8,3000000.0
64415,SPRING CREEK PHASE 4C,12/22/2022,12/13/2024,991868.0,95,GATEWAY DRIVE,Brooklyn,11239.0,3044520226.0,3000000.0,BK-05,42,107001.0,BK0504,40.653814,-73.877736,40.653498,-73.877326,11/25/2024,New Construction,No,Non Prevailing Wage,,,8.0,,,,,1.0,7.0,,,,,,8.0,,8,8,3000000.0
64415,SPRING CREEK PHASE 4C,12/22/2022,12/13/2024,991869.0,406,VANDALIA AVENUE,Brooklyn,11239.0,3044520204.0,3000000.0,BK-05,42,107001.0,BK0504,40.65456,-73.877097,40.654324,-73.87731,10/24/2024,New Construction,No,Non Prevailing Wage,,,8.0,,,,1.0,1.0,6.0,,,,,,8.0,,8,8,3000000.0
64415,SPRING CREEK PHASE 4C,12/22/2022,12/13/2024,991870.0,408,VANDALIA AVENUE,Brooklyn,11239.0,3044520205.0,3000000.0,BK-05,42,107001.0,BK0504,40.654546,-73.876992,40.654316,-73.877187,10/31/2024,New Construction,No,Non Prevailing Wage,5.0,3.0,,,,,1.0,1.0,6.0,,,,,,8.0,,8,8,3000000.0
64415,SPRING CREEK PHASE 4C,12/22/2022,12/13/2024,991872.0,410,VANDALIA AVENUE,Brooklyn,11239.0,3044520206.0,3000000.0,BK-05,42,107001.0,BK0504,40.654538,-73.876884,40.654313,-73.877068,10/25/2024,New Construction,No,Non Prevailing Wage,,,8.0,,,,,1.0,7.0,,,,,,8.0,,8,8,3000000.0
64415,SPRING CREEK PHASE 4C,12/22/2022,12/13/2024,991873.0,412,VANDALIA AVENUE,Brooklyn,11239.0,3044520207.0,3000000.0,BK-05,42,107001.0,BK0504,40.654532,-73.876776,40.65431,-73.876935,10/25/2024,New Construction,No,Non Prevailing Wage,4.0,4.0,,,,,1.0,1.0,6.0,,,,,,8.0,,8,8,3000000.0
64415,SPRING CREEK PHASE 4C,12/22/2022,12/13/2024,991874.0,414,VANDALIA AVENUE,Brooklyn,11239.0,3044520249.0,3000000.0,BK-05,42,107001.0,BK0504,40.654526,-73.876642,40.65423,-73.876621,09/10/2024,New Construction,No,Non Prevailing Wage,,,8.0,,,,1.0,1.0,6.0,,,,,,8.0,,8,8,3000000.0
64415,SPRING CREEK PHASE 4C,12/22/2022,12/13/2024,991875.0,416,VANDALIA AVENUE,Brooklyn,11239.0,3044520250.0,3000000.0,BK-05,42,107001.0,BK0504,40.654529,-73.87652,40.654271,-73.876488,09/06/2024,New Construction,No,Non Prevailing Wage,4.0,4.0,,,,,,1.0,7.0,,,,,,8.0,,8,8,3000000.0
64415,SPRING CREEK PHASE 4C,12/22/2022,12/13/2024,991876.0,418,VANDALIA AVENUE,Brooklyn,11239.0,3044520251.0,3000000.0,BK-05,42,107001.0,BK0504,40.654534,-73.876397,40.654296,-73.876373,09/10/2024,New Construction,No,Non Prevailing Wage,,,8.0,,,,,1.0,7.0,,,,,,8.0,,8,8,3000000.0
64415,SPRING CREEK PHASE 4C,12/22/2022,12/13/2024,991877.0,422,VANDALIA AVENUE,Brooklyn,11239.0,3044520252.0,3000000.0,BK-05,42,107001.0,BK0504,40.654564,-73.876152,40.654331,-73.876225,09/10/2024,New Construction,No,Non Prevailing Wage,5.0,3.0,,,,,,,1.0,7.0,,,,,8.0,,8,8,3000000.0
64415,SPRING CREEK PHASE 4C,12/22/2022,12/13/2024,991879.0,433,VANDALIA AVENUE,Brooklyn,11239.0,3044520111.0,3000000.0,BK-05,42,107001.0,BK0504,40.65466,-73.875792,40.65485,-73.876689,10/30/2024,New Construction,No,Non Prevailing Wage,,8.0,,,,,,1.0,7.0,,,,,,8.0,,8,8,3000000.0
64415,SPRING CREEK PHASE 4C,12/22/2022,12/13/2024,991880.0,435,VANDALIA AVENUE,Brooklyn,11239.0,3044520112.0,3000000.0,BK-05,42,107001.0,BK0504,40.654671,-73.875763,40.654875,-73.876573,11/15/2024,New Construction,No,Non Prevailing Wage,,,7.0,,,1.0,,1.0,7.0,,,,,,8.0,,8,8,3000000.0
64415,SPRING CREEK PHASE 4C,12/22/2022,12/13/2024,991881.0,437,VANDALIA AVENUE,Brooklyn,11239.0,3044520113.0,3000000.0,BK-05,42,107001.0,BK0504,40.654679,-73.87573,40.654902,-73.876458,11/01/2024,New Construction,No,Non Prevailing Wage,4.0,4.0,,,,,,1.0,7.0,,,,,,8.0,,8,8,3000000.0
64415,SPRING CREEK PHASE 4C,12/22/2022,12/13/2024,991882.0,441,VANDALIA AVENUE,Brooklyn,11239.0,3044520114.0,3000000.0,BK-05,42,107001.0,BK0504,40.654701,-73.875665,40.654899,-73.876332,08/30/2024,New Construction,No,Non Prevailing Wage,,,8.0,,,,1.0,1.0,6.0,,,,,,8.0,,8,8,3000000.0
64415,SPRING CREEK PHASE 4C,12/22/2022,12/13/2024,991883.0,451,VANDALIA AVENUE,Brooklyn,11239.0,3044520115.0,3000000.0,BK-05,42,107001.0,BK0504,40.654759,-73.875514,40.654858,-73.876119,07/24/2024,New Construction,No,Non Prevailing Wage,6.0,2.0,,,,,1.0,1.0,6.0,,,,,,8.0,,8,8,3000000.0
64415,SPRING CREEK PHASE 4C,12/22/2022,12/13/2024,991884.0,455,VANDALIA AVENUE,Brooklyn,11239.0,3044520116.0,3000000.0,BK-05,42,107001.0,BK0504,40.654786,-73.875453,40.654915,-73.875961,07/24/2024,New Construction,No,Non Prevailing Wage,,,8.0,,,,,1.0,7.0,,,,,,8.0,,8,8,3000000.0
64415,SPRING CREEK PHASE 4C,12/22/2022,12/13/2024,991885.0,457,VANDALIA AVENUE,Brooklyn,11239.0,3044520117.0,3000000.0,BK-05,42,107001.0,BK0504,40.6548,-73.875424,40.654957,-73.875856,07/24/2024,New Construction,No,Non Prevailing Wage,5.0,3.0,,,,,,1.0,7.0,,,,,,8.0,,8,8,3000000.0
64415,SPRING CREEK PHASE 4C,12/22/2022,12/13/2024,991886.0,459,VANDALIA AVENUE,Brooklyn,11239.0,3044520118.0,3000000.0,BK-05,42,107001.0,BK0504,40.654813,-73.875395,40.654995,-73.875748,07/25/2024,New Construction,No,Non Prevailing Wage,,,8.0,,,,1.0,1.0,6.0,,,,,,8.0,,8,8,3000000.0
64415,SPRING CREEK PHASE 4C,12/22/2022,12/13/2024,991887.0,461,VANDALIA AVENUE,Brooklyn,11239.0,3044520119.0,3000000.0,BK-05,42,107001.0,BK0504,40.654827,-73.875366,40.655039,-73.875647,07/24/2024,New Construction,No,Non Prevailing Wage,5.0,3.0,,,,,,1.0,7.0,,,,,,8.0,,8,8,3000000.0
64415,SPRING CREEK PHASE 4C,12/22/2022,12/13/2024,991889.0,465,VANDALIA AVENUE,Brooklyn,11239.0,3044520121.0,3000000.0,BK-05,42,107001.0,BK0504,40.654857,-73.875308,40.655093,-73.875524,07/31/2024,New Construction,No,Non Prevailing Wage,,,8.0,,,,,,1.0,7.0,,,,,8.0,,8,8,3000000.0
75697,649 HART STREET APARTMENTS,04/16/2024,12/18/2024,1013122.0,649,HART STREET,Brooklyn,11221.0,3032170034.0,3073106.0,BK-04,34,423.0,BK0401,40.69853,-73.926668,40.698733,-73.926664,12/18/2024,New Construction,No,Non Prevailing Wage,,,,,12.0,,2.0,6.0,4.0,,,,,,12.0,,12,12,3073106.0
75385,1654 GRAND APTS,01/17/2024,12/18/2024,81410.0,1654,GRAND AVENUE,Bronx,10453.0,2028670012.0,2008481.0,BX-05,14,217.0,BX0501,40.847152,-73.914989,40.847146,-73.914649,12/18/2024,New Construction,No,Non Prevailing Wage,,,,,19.0,,16.0,3.0,,,,,,,19.0,,19,20,2008481.0
74853,3103 SEDGWICK AVE APARTMENTS,11/23/2023,12/18/2024,973914.0,3103,SEDGWICK AVENUE,Bronx,10463.0,2032540072.0,2000000.0,BX-08,14,277.0,BX0801,40.876766,-73.899398,40.876909,-73.899662,12/18/2024,New Construction,No,Non Prevailing Wage,,,,,13.0,,,,12.0,1.0,,,,,13.0,,13,42,2000000.0
74590,81-07 KEW GARDENS ROAD,08/14/2023,12/18/2024,1010410.0,81-07,KEW GARDENS ROAD,Queens,11415.0,4033580062.0,4000000.0,QN-09,29,21601.0,QN0901,40.712925,-73.829706,40.713012,-73.829421,12/18/2024,New Construction,No,Non Prevailing Wage,,,,,16.0,,,11.0,5.0,,,,,,16.0,,16,51,4000000.0
76309,1845 PITKINS AVE APARTMENTS,08/27/2024,12/19/2024,1013970.0,1845,PITKIN AVENUE,Brooklyn,11212.0,3037090135.0,3000000.0,BK-16,37,908.0,BK1602,40.670588,-73.904745,40.670816,-73.904817,12/19/2024,New Construction,No,Non Prevailing Wage,,,,,8.0,,1.0,,7.0,,,,,,8.0,,8,8,3000000.0
76269,3165 VILLA AVE _ HPS,09/30/2024,12/20/2024,1012085.0,3165,VILLA AVENUE,Bronx,10468.0,2033220044.0,2000000.0,BX-07,11,411.0,BX0702,40.876414,-73.88696,40.876206,-73.88734,12/20/2024,New Construction,No,Non Prevailing Wage,,,,,56.0,,13.0,22.0,21.0,,,,,,56.0,,56,57,2000000.0
74567,833 & 837 MAPLE STREET,09/20/2023,12/20/2024,332437.0,837,MAPLE STREET,Brooklyn,11203.0,3045880098.0,3000000.0,BK-09,41,88001.0,BK0902,40.662016,-73.932144,40.662228,-73.932042,12/05/2024,New Construction,No,Non Prevailing Wage,,,,,4.0,,,2.0,2.0,,,,,,4.0,,4,13,3000000.0
74567,833 & 837 MAPLE STREET,09/20/2023,12/20/2024,1004447.0,833,MAPLE STREET,Brooklyn,11203.0,3045880102.0,3000000.0,BK-09,41,88001.0,BK0902,40.662008,-73.932266,40.66222,-73.932165,12/20/2024,New Construction,No,Non Prevailing Wage,,,,,6.0,,,6.0,,,,,,,6.0,,6,20,3000000.0
71703,FINCH GROUP. 4746-4750 WHITE PLAINS RD. WAKEFIELD SENIORS,12/23/2022,12/23/2024,1004586.0,4750,WHITE PLAINS ROAD,Bronx,10470.0,2051130031.0,2000000.0,BX-12,11,442.0,BX1203,40.904834,-73.849625,40.904753,-73.849252,12/23/2024,New Construction,No,Prevailing Wage,72.0,,,,,1.0,71.0,1.0,1.0,,,,,,73.0,,73,73,2000000.0
75715,88 NORTH 1ST STREET APARTMENTS,04/03/2024,12/27/2024,1013120.0,88,NORTH 1 STREET,Brooklyn,11249.0,3023790009.0,3000000.0,BK-01,34,555.0,BK0102,40.716105,-73.963393,40.715927,-73.963584,12/27/2024,New Construction,No,Non Prevailing Wage,,,,,14.0,,11.0,3.0,,,,,,,14.0,,14,46,3000000.0
75379,1014 OGDEN AVE APARTMENTS,01/30/2024,12/27/2024,1012674.0,1014,OGDEN AVENUE,Bronx,10452.0,2025120005.0,2000000.0,BX-04,16,189.0,BX0402,40.833391,-73.929107,40.833221,-73.928948,12/27/2024,New Construction,No,Non Prevailing Wage,,,,,16.0,,6.0,10.0,,,,,,,16.0,,16,17,2000000.0
74660,2330 CAMBRELENG AVENUE,09/11/2023,12/27/2024,54870.0,2330,CAMBRELENG AVENUE,Bronx,10458.0,2030890018.0,2000000.0,BX-06,15,391.0,BX0603,40.85345,-73.88577,40.853371,-73.885531,12/27/2024,New Construction,No,Non Prevailing Wage,,,,,14.0,,3.0,4.0,7.0,,,,,,14.0,,14,44,2000000.0
73720,12-22 ASTORIA BLVD,02/08/2023,12/27/2024,1012396.0,2025-12-22T00:00:00.000,ASTORIA BOULEVARD,Queens,11102.0,4005120001.0,4000000.0,QN-01,22,83.0,QN0102,40.77211,-73.929937,40.771896,-73.929306,12/27/2024,New Construction,No,Non Prevailing Wage,,,,,3.0,,,,3.0,,,,,,3.0,,3,10,4000000.0
73744,113 E 184TH STREET,01/06/2023,12/27/2024,66573.0,113,EAST 184 STREET,Bronx,10468.0,2031730064.0,2013917.0,BX-05,14,23703.0,BX0503,40.859823,-73.900313,40.859944,-73.899944,12/27/2024,New Construction,No,Non Prevailing Wage,,,,,16.0,,8.0,8.0,,,,,,,16.0,,16,51,2013917.0
67899,BLUE SEA. 223 LINDEN STREET. LINDEN GROVE,06/30/2022,12/30/2024,1004426.0,223,LINDEN STREET,Brooklyn,11221.0,,,BK-04,37,433.0,BK0402,40.696176,-73.916696,,,12/30/2025,New Construction,No,Prevailing Wage,152.0,,,,,1.0,109.0,43.0,1.0,,,,,,153.0,,153,153,
70731,100 FLATBUSH AVENUE (PHASE 1),12/23/2021,01/16/2025,994953.0,90,FLATBUSH AVENUE,Brooklyn,11217.0,3001747502.0,3000000.0,BK-02,33,39.0,BK0202,40.685689,-73.978654,40.685673,-73.978997,01/16/2025,New Construction,No,Non Prevailing Wage,,18.0,18.0,9.0,,,5.0,32.0,6.0,2.0,,,,,45.0,,45,441,3000000.0
75454,1896 UNIVERSITY AVE APARTMENTS,03/21/2024,01/23/2025,1012397.0,1896,UNIVERSITY AVENUE,Bronx,10453.0,2028680042.0,2000000.0,BX-05,14,243.0,BX0501,40.852807,-73.913011,40.852673,-73.91273,01/23/2025,New Construction,No,Non Prevailing Wage,,,,,53.0,,13.0,5.0,28.0,7.0,,,,,53.0,,53,53,2000000.0
75443,1499 BEDFORD AVE,03/26/2024,01/30/2025,996625.0,1499,BEDFORD AVENUE,Brooklyn,11216.0,3012530007.0,3000000.0,BK-08,35,219.0,BK0802,40.671552,-73.95474,40.671585,-73.954369,01/30/2025,New Construction,No,Non Prevailing Wage,,,,,30.0,,7.0,8.0,,15.0,,,,,30.0,,30,99,3000000.0
67005,IMPACCT BK. 776-780 MYRTLE AVE,12/22/2022,01/31/2025,998808.0,778,MYRTLE AVENUE,Brooklyn,11206.0,3017540020.0,3000000.0,BK-03,36,253.0,BK0301,40.695079,-73.95176,40.694895,-73.951288,10/18/2024,New Construction,No,Non Prevailing Wage,36.0,8.0,15.0,,,1.0,45.0,8.0,7.0,,,,,,60.0,,60,60,3000000.0
76290,135 MARCY PLACE,09/17/2024,02/05/2025,94273.0,135,MARCY PLACE,Bronx,10452.0,2028410082.0,2008070.0,BX-04,16,22102.0,BX0403,40.837966,-73.915929,40.838095,-73.915654,02/05/2025,New Construction,No,Non Prevailing Wage,,,,,8.0,,8.0,,,,,,,,8.0,,8,26,2008070.0
76317,2525 GRAND AVENUE,07/15/2024,02/05/2025,1013351.0,2525,GRAND AVENUE,Bronx,10468.0,2032140051.0,2000000.0,BX-07,14,265.0,BX0701,40.865168,-73.901491,40.865366,-73.90165,02/05/2025,New Construction,No,Non Prevailing Wage,,,,,8.0,,8.0,,,,,,,,8.0,,8,24,2000000.0
75698,3056 DECATUR AVENUE,04/15/2024,02/05/2025,60895.0,3056,DECATUR AVENUE,Bronx,10467.0,2033310019.0,2000000.0,BX-07,11,425.0,BX0703,40.870949,-73.879105,40.870678,-73.879055,02/05/2025,New Construction,No,Non Prevailing Wage,,,,,3.0,,,3.0,,,,,,,3.0,,3,9,2000000.0
75431,154 LENOX ROAD,02/22/2024,02/05/2025,1012751.0,154,LENOX ROAD,Brooklyn,11226.0,3050840038.0,3000000.0,BK-17,40,822.0,BK1701,40.653873,-73.954424,40.653552,-73.95436,02/05/2025,New Construction,No,Non Prevailing Wage,,,,,13.0,,,6.0,7.0,,,,,,13.0,,13,42,3000000.0
76262,258 ROCKAWAY AVENUE APARTMENTS,07/31/2024,02/12/2025,1014482.0,258,ROCKAWAY AVENUE,Brooklyn,11233.0,3014480037.0,3000000.0,BK-16,41,36501.0,BK1601,40.67437,-73.911124,40.674401,-73.91142,02/12/2025,New Construction,No,Non Prevailing Wage,,,,,7.0,,,7.0,,,,,,,7.0,,7,8,3000000.0
76263,260 ROCKAWAY AVENUE APARTMENTS,07/31/2024,02/12/2025,1014516.0,260,ROCKAWAY AVENUE,Brooklyn,11233.0,3014480037.0,3000000.0,BK-16,41,36501.0,BK1601,40.674301,-73.911132,40.674401,-73.91142,02/12/2025,New Construction,No,Non Prevailing Wage,,,,,7.0,,,7.0,,,,,,,7.0,,7,8,3000000.0
76264,262 ROCKAWAY AVENUE APARTMENTS,07/31/2024,02/12/2025,1014484.0,262,ROCKAWAY AVENUE,Brooklyn,11233.0,3014480039.0,3000000.0,BK-16,41,36501.0,BK1601,40.674233,-73.911139,40.674263,-73.911434,02/12/2025,New Construction,No,Non Prevailing Wage,,,,,7.0,,,7.0,,,,,,,7.0,,7,8,3000000.0
74954,161 MESEROLE AVENUE,12/29/2023,02/12/2025,336233.0,161,MESEROLE AVENUE,Brooklyn,11222.0,3025990025.0,3000000.0,BK-01,33,573.0,BK0101,40.727908,-73.950275,40.728054,-73.950412,02/12/2025,New Construction,No,Non Prevailing Wage,,,,,15.0,,5.0,10.0,,,,,,,15.0,,15,29,3000000.0
67130,COMMUNITY ACCESS. 1159 RIVER AVENUE,12/18/2019,02/13/2025,988878.0,1159,RIVER AVENUE,Bronx,10452.0,,,BX-04,16,197.0,BX0401,40.834635,-73.921947,,,02/13/2025,New Construction,No,Non Prevailing Wage,148.0,,96.0,,,1.0,145.0,28.0,55.0,17.0,,,,,245.0,,245,245,
74856,236 BERRY STREET APARTMENTS,11/20/2023,02/20/2025,302492.0,123,GRAND STREET,Brooklyn,11249.0,3023790024.0,3000000.0,BK-01,34,555.0,BK0102,40.715227,-73.963076,40.715438,-73.962719,02/20/2025,New Construction,No,Non Prevailing Wage,,,,,15.0,,,15.0,,,,,,,15.0,,15,50,3000000.0
74563,26-31 3RD STREET,09/26/2023,02/20/2025,399229.0,26-33,3 STREET,Queens,11102.0,4009107503.0,4000000.0,QN-01,22,87.0,QN0102,40.775892,-73.933782,40.775447,-73.93375,02/20/2025,New Construction,No,Non Prevailing Wage,,,,,5.0,,1.0,3.0,1.0,,,,,,5.0,,5,16,4000000.0
60740,LIGHTHOUSE POINT,06/07/2017,02/20/2025,977177.0,35R,BAY STREET,Staten Island,10301.0,,,SI-01,49,3.0,SI0101,40.6415,-74.075734,,,02/20/2025,New Construction,No,Non Prevailing Wage,,,24.0,,,,5.0,13.0,6.0,,,,,,24.0,,24,115,
67200,WEEKSVILLE,08/19/2022,02/21/2025,1004976.0,1559,PROSPECT PLACE,Brooklyn,11233.0,3013630090.0,3000000.0,BK-08,41,359.0,BK0802,40.672925,-73.924479,40.673172,-73.924533,02/21/2025,New Construction,No,Non Prevailing Wage,10.0,21.0,13.0,,,1.0,22.0,8.0,15.0,,,,,,45.0,,45,45,3000000.0
75678,83-61 116TH STREET APARTMENTS,05/15/2024,02/26/2025,530523.0,83-61,116 STREET,Queens,11418.0,4033210177.0,4000000.0,QN-09,29,134.0,QN0901,40.704642,-73.835877,40.704845,-73.835725,02/26/2025,New Construction,No,Non Prevailing Wage,,,,,9.0,,1.0,4.0,4.0,,,,,,9.0,,9,29,4000000.0
76411,2011 VYSE AVENUE,10/08/2024,02/28/2025,1014211.0,2011,VYSE AVENUE,Bronx,10460.0,2031270025.0,2000000.0,BX-06,15,363.0,BX0601,40.842322,-73.8819,40.842646,-73.882033,02/28/2025,New Construction,No,Non Prevailing Wage,,,,,16.0,,10.0,6.0,,,,,,,16.0,,16,17,2000000.0
76316,1847 PITKINS AVE APARTMENTS,07/15/2024,03/05/2025,1013551.0,1847,PITKIN AVENUE,Brooklyn,11212.0,3037090134.0,3000000.0,BK-16,37,908.0,BK1602,40.670596,-73.904687,40.670827,-73.904752,03/05/2025,New Construction,No,Non Prevailing Wage,,,,,8.0,,1.0,,7.0,,,,,,8.0,,8,8,3000000.0
74911,1543 BERGEN STREET,12/19/2023,03/05/2025,1015557.0,1543,BERGEN STREET,Brooklyn,11213.0,3013480077.0,3000000.0,BK-08,36,309.0,BK0802,40.675148,-73.932354,40.675389,-73.932476,03/05/2025,New Construction,No,Non Prevailing Wage,,,,,3.0,,,2.0,1.0,,,,,,3.0,,3,8,3000000.0
75665,HILLSIDE HOMES,06/04/2024,03/07/2025,122092.0,215,WEST KINGSBRIDGE ROAD,Bronx,10463.0,2032560043.0,2000000.0,BX-08,14,273.0,BX0801,40.871832,-73.904435,40.872051,-73.904095,03/07/2025,New Construction,No,Non Prevailing Wage,,,,,8.0,,1.0,3.0,4.0,,,,,,8.0,,8,23,2000000.0
76728,131 CONCORD STREET APARTMENTS,03/12/2025,03/12/2025,1011483.0,131,CONCORD STREET,Brooklyn,11201.0,3001070048.0,3000000.0,BK-02,33,13.0,BK0202,40.697663,-73.986191,40.697929,-73.986231,03/12/2025,New Construction,No,Non Prevailing Wage,,,,,22.0,,4.0,7.0,11.0,,,,,,22.0,,22,73,3000000.0
76283,831 FOREST AVENUE,09/23/2024,03/12/2025,1014054.0,831,FOREST AVENUE,Bronx,10456.0,2026470018.0,2000000.0,BX-01,17,77.0,BX0102,40.820252,-73.905369,40.820485,-73.905517,03/12/2025,New Construction,No,Non Prevailing Wage,,,,,12.0,,,7.0,5.0,,,,,,12.0,,12,15,2000000.0
72151,BK-1640 FLATBUSH AVENUE_MIH72038,05/20/2022,03/19/2025,996166.0,1640,FLATBUSH AVENUE,Brooklyn,11210.0,3075770060.0,3000000.0,BK-14,45,774.0,BK1401,40.630456,-73.945167,40.630313,-73.945473,03/19/2025,New Construction,No,Non Prevailing Wage,,17.0,25.0,,3.0,,9.0,19.0,17.0,,,,,,45.0,,45,171,3000000.0
75681,855A MOTHER GASTON BLVD,05/13/2024,03/20/2025,1012971.0,855A,MOTHER GASTON BOULEVARD,Brooklyn,11212.0,3038550001.0,3000000.0,BK-16,42,920.0,BK1602,40.657621,-73.903754,40.657643,-73.903441,03/20/2025,New Construction,No,Non Prevailing Wage,,,,,5.0,,,3.0,2.0,,,,,,5.0,,5,16,3000000.0
69851,493 MYRTLE AVENUE,05/20/2021,03/20/2025,995900.0,493,MYRTLE AVENUE,Brooklyn,11205.0,3018917502.0,3000000.0,BK-02,35,191.0,BK0204,40.693495,-73.965327,40.693725,-73.965407,03/20/2025,New Construction,No,Non Prevailing Wage,,,4.0,,3.0,,3.0,4.0,,,,,,,7.0,,7,21,3000000.0
71903,404 CARROLL STREET_MIH71789,06/24/2022,03/24/2025,1000973.0,424,CARROLL STREET,Brooklyn,11215.0,3004530001.0,3000000.0,BK-06,39,11901.0,BK0601,40.677884,-73.988402,40.677527,-73.988568,03/24/2025,New Construction,No,Non Prevailing Wage,,36.0,36.0,17.0,1.0,,12.0,50.0,21.0,7.0,,,,,90.0,,90,360,3000000.0
74846,3633 KINGSBRIDGE AVENUE APARTMENTS,11/30/2023,03/26/2025,89762.0,3633,KINGSBRIDGE AVENUE,Bronx,10463.0,2057660882.0,2000000.0,BX-08,11,285.0,BX0802,40.884601,-73.901733,40.884727,-73.901947,03/26/2025,New Construction,No,Non Prevailing Wage,,,,,3.0,,,3.0,,,,,,,3.0,,3,9,2000000.0
68462,BEACH GREEN DUNES 3,12/19/2022,04/08/2025,1004802.0,35-01,BEACH CHANNEL DRIVE,Queens,11691.0,4158250007.0,4000000.0,QN-14,31,992.0,QN1401,40.596262,-73.767871,40.595884,-73.768193,04/08/2025,New Construction,No,Non Prevailing Wage,37.0,43.0,65.0,,,1.0,36.0,70.0,37.0,3.0,,,,,146.0,,146,146,4000000.0
76305,2026 HONEYWELL AVE APARTMENTS,08/29/2024,04/09/2025,1013950.0,2026,HONEYWELL AVENUE,Bronx,10460.0,2031220010.0,2000000.0,BX-06,15,363.0,BX0601,40.843496,-73.883683,40.843575,-73.883253,04/09/2025,New Construction,No,Non Prevailing Wage,,,,,59.0,,,,59.0,,,,,,59.0,,59,59,2000000.0
74672,91-15 101 AVENUE APARTMENTS,08/28/2023,04/09/2025,512031.0,91-15,101 AVENUE,Queens,11416.0,4090657501.0,4188499.0,QN-09,32,38.0,QN0904,40.683366,-73.849205,40.683722,-73.84884,04/09/2025,New Construction,No,Non Prevailing Wage,,,,,3.0,,,1.0,2.0,,,,,,3.0,,3,10,4188499.0
68158,GREENPOINT LANDING D3,12/19/2019,04/09/2025,395298.0,213,WEST STREET,Brooklyn,11222.0,3024720002.0,3000000.0,BK-01,33,56302.0,BK0101,40.734434,-73.96002,40.73472,-73.96173,04/09/2025,New Construction,No,Non Prevailing Wage,,,76.0,,32.0,,23.0,31.0,48.0,6.0,,,,,108.0,,108,108,3000000.0
75389,60 CEDAR STREET,01/15/2024,04/10/2025,218408.0,60,CEDAR STREET,Brooklyn,11221.0,3032320005.0,3000000.0,BK-04,34,423.0,BK0401,40.69721,-73.927329,40.697124,-73.927048,04/10/2025,New Construction,No,Non Prevailing Wage,,,,,42.0,,9.0,11.0,22.0,,,,,,42.0,,42,139,3000000.0
74197,8 COURT SQUARE APARTMENTS,12/08/2022,04/10/2025,432643.0,27-10,44 DRIVE,Queens,11101.0,4000810005.0,4000000.0,QN-02,26,1901.0,QN0201,40.746865,-73.94222,40.746668,-73.942484,04/10/2025,New Construction,No,Non Prevailing Wage,,,,,48.0,,17.0,25.0,6.0,,,,,,48.0,,48,157,4000000.0
76299,177-44 129 AVENUE,09/06/2024,04/16/2025,1013923.0,177-44,129 AVENUE,Queens,11434.0,4125380130.0,4000000.0,QN-12,27,33401.0,QN1204,40.680537,-73.764812,40.680522,-73.763785,04/16/2025,New Construction,No,Non Prevailing Wage,,,,,16.0,,1.0,6.0,9.0,,,,,,16.0,,16,16,4000000.0
76229,34-31 9TH STREET,08/16/2024,04/16/2025,400528.0,34-29,9 STREET,Queens,11106.0,4003240013.0,4003849.0,QN-01,22,39.0,QN0105,40.764359,-73.939941,40.764205,-73.939758,04/16/2025,New Construction,No,Non Prevailing Wage,,,,,2.0,,,,2.0,,,,,,2.0,,2,6,4003849.0
75422,388 VERNON AVENUE,03/07/2024,04/16/2025,396519.0,825,WILLOUGHBY AVENUE,Brooklyn,11206.0,3015890154.0,3000000.0,BK-03,36,287.0,BK0302,40.695444,-73.935593,40.695686,-73.935398,04/16/2025,New Construction,No,Non Prevailing Wage,,,,,8.0,,,2.0,,6.0,,,,,8.0,,8,8,3000000.0
75425,676 MYRTLE AVENUE APARTMENTS,03/05/2024,04/16/2025,340928.0,676,MYRTLE AVENUE,Brooklyn,11205.0,3019140022.0,3000000.0,BK-03,33,235.0,BK0301,40.694502,-73.956755,40.69426,-73.956683,04/16/2025,New Construction,No,Non Prevailing Wage,,,,,6.0,,,,6.0,,,,,,6.0,,6,50,3000000.0
75398,1395 BRISTOW ST,01/01/2024,04/16/2025,1011401.0,1395,BRISTOW STREET,Bronx,10459.0,2029630022.0,2129728.0,BX-03,17,153.0,BX0303,40.832934,-73.895088,40.832954,-73.895291,04/16/2025,New Construction,No,Non Prevailing Wage,,,,,29.0,,6.0,,22.0,1.0,,,,,29.0,,29,29,2129728.0
75423,2411 64 STREET,03/06/2024,04/23/2025,164724.0,2411,64 STREET,Brooklyn,11204.0,3065610057.0,3000000.0,BK-11,44,436.0,BK1101,40.611511,-73.975926,40.611716,-73.975883,04/23/2025,New Construction,No,Non Prevailing Wage,,,,,3.0,,,1.0,2.0,,,,,,3.0,,3,10,3000000.0
74955,5-22 49TH AVENUE,12/29/2023,04/23/2025,438858.0,2025-05-22T00:00:00.000,49 AVENUE,Queens,11101.0,4000320035.0,4000000.0,QN-02,26,701.0,QN0201,40.743795,-73.95585,40.743525,-73.955561,04/23/2025,New Construction,No,Non Prevailing Wage,,,,,9.0,,,4.0,5.0,,,,,,9.0,,9,29,4000000.0
74984,50 VARET STREET APARTMENTS,11/13/2023,04/23/2025,989432.0,43,GRAHAM AVENUE,Brooklyn,11206.0,3031130017.0,3000000.0,BK-01,34,491.0,BK0104,40.702875,-73.942478,40.702845,-73.942781,04/23/2025,New Construction,No,Non Prevailing Wage,,,,,11.0,,3.0,6.0,2.0,,,,,,11.0,,11,35,3000000.0
71969,1640 PARK AVENUE,10/28/2022,04/23/2025,1006419.0,1638,PARK AVENUE,Manhattan,10029.0,1016220033.0,1000000.0,MN-11,8,184.0,MN1102,40.799208,-73.94332,40.799606,-73.943489,04/23/2025,New Construction,No,Non Prevailing Wage,,3.0,3.0,,,,2.0,2.0,2.0,,,,,,6.0,,6,24,1000000.0
71158,1516 FULTON STREET,06/30/2021,04/23/2025,297498.0,1516,FULTON STREET,Brooklyn,11216.0,3018647502.0,3053844.0,BK-03,36,271.0,BK0302,40.679867,-73.940072,40.67964,-73.940241,04/23/2025,New Construction,No,Non Prevailing Wage,,,,,7.0,,,7.0,,,,,,,7.0,,7,23,3053844.0
74663,2180 ARTHUR AVENUE,09/05/2023,04/24/2025,46198.0,2180,ARTHUR AVENUE,Bronx,10457.0,2030700288.0,2000000.0,BX-06,15,373.0,BX0602,40.851531,-73.890302,40.851714,-73.889814,04/24/2025,New Construction,No,Non Prevailing Wage,,,,,45.0,,5.0,35.0,5.0,,,,,,45.0,,45,46,2000000.0
70450,2017 GRAND CONCOURSE,06/28/2023,04/24/2025,1002864.0,2017,GRAND CONCOURSE,Bronx,10453.0,2028080090.0,2000000.0,BX-05,14,23501.0,BX0502,40.851716,-73.904197,40.851867,-73.904655,04/24/2025,New Construction,No,Non Prevailing Wage,9.0,16.0,8.0,,,1.0,9.0,16.0,9.0,,,,,,34.0,,34,34,2000000.0
64689,NME III,12/22/2021,04/29/2025,994120.0,207,WEST 140 STREET,Manhattan,10030.0,1020260024.0,1000000.0,MN-10,9,230.0,MN1002,40.818736,-73.941995,40.819008,-73.942071,05/17/2024,New Construction,No,Non Prevailing Wage,,,,21.0,,,,10.0,11.0,,,,,,,21.0,21,21,1000000.0
64689,NME III,12/22/2021,04/29/2025,994121.0,304,WEST 150 STREET,Manhattan,10039.0,1020450098.0,1000000.0,MN-10,9,259.0,MN1002,40.826069,-73.939785,40.826047,-73.940298,04/29/2025,New Construction,No,Non Prevailing Wage,,,,31.0,,,1.0,11.0,8.0,11.0,,,,,,31.0,31,31,1000000.0
75435,3336 HULL AVENUE APARTMENTS,02/08/2024,05/01/2025,87522.0,3336,HULL AVENUE,Bronx,10467.0,2033520023.0,2018497.0,BX-07,11,42902.0,BX0703,40.87774,-73.873834,40.87772,-73.873552,05/01/2025,New Construction,No,Non Prevailing Wage,,,,,7.0,,4.0,2.0,1.0,,,,,,7.0,,7,14,2018497.0
76401,236 EAST 35 STREET,10/29/2024,05/02/2025,1014232.0,236,EAST 35 STREET,Brooklyn,11203.0,,,BK-17,40,856.0,BK1701,40.649683,-73.944639,,,05/02/2025,New Construction,No,Non Prevailing Wage,,,,,2.0,,,,1.0,1.0,,,,,2.0,,2,6,
74588,2976 3RD AVE APARTMENTS,08/16/2023,05/07/2025,63939.0,481,EAST 153 STREET,Bronx,10455.0,2023630012.0,2000000.0,BX-01,17,71.0,BX0102,40.818464,-73.914342,40.818543,-73.914071,05/07/2025,New Construction,No,Non Prevailing Wage,,,,,21.0,,7.0,10.0,4.0,,,,,,21.0,,21,69,2000000.0
73027,38-38 32ND STREET,06/15/2023,05/13/2025,1006182.0,38-38,32 STREET,Queens,11101.0,4003820029.0,4000000.0,QN-01,26,31.0,QN0105,40.752928,-73.931632,40.752577,-73.932214,05/13/2025,New Construction,No,Non Prevailing Wage,,,12.0,,8.0,,3.0,13.0,4.0,,,,,,20.0,,20,64,4000000.0
76329,2783 WEBB AVE APARTMENTS,07/04/2024,05/14/2025,120399.0,2783,WEBB AVENUE,Bronx,10468.0,2032490221.0,2015388.0,BX-08,14,26702.0,BX0801,40.871453,-73.901214,40.871396,-73.901558,05/14/2025,New Construction,No,Non Prevailing Wage,,,,,18.0,,11.0,6.0,,1.0,,,,,18.0,,18,19,2015388.0
75685,1678 DAVIDSON AVE APARTMENTS,05/06/2024,05/14/2025,60416.0,1678,DAVIDSON AVENUE,Bronx,10453.0,2028610017.0,2008345.0,BX-05,14,217.0,BX0501,40.846569,-73.914292,40.84649,-73.914046,05/14/2025,New Construction,No,Non Prevailing Wage,,,,,16.0,,14.0,2.0,,,,,,,16.0,,16,17,2008345.0
75690,229 WEST KINGSBRIDGE,04/30/2024,05/14/2025,1012904.0,229,WEST KINGSBRIDGE ROAD,Bronx,10463.0,2032560048.0,2000000.0,BX-08,14,273.0,BX0801,40.872362,-73.904442,40.872326,-73.904069,05/14/2025,New Construction,No,Non Prevailing Wage,,,,,12.0,,,12.0,,,,,,,12.0,,12,37,2000000.0
75695,2414 CAMBRELENG AVE APARTMENTS,04/18/2024,05/14/2025,1013453.0,2414,CAMBRELENG AVENUE,Bronx,10458.0,2030900006.0,2000000.0,BX-06,15,389.0,BX0603,40.854899,-73.885069,40.854833,-73.884871,05/14/2025,New Construction,No,Non Prevailing Wage,,,,,4.0,,,4.0,,,,,,,4.0,,4,13,2000000.0
71243,2508 FOSTER AVENUE,11/23/2022,05/22/2025,999221.0,2508,FOSTER AVENUE,Brooklyn,11210.0,3052270017.0,3000000.0,BK-14,45,78801.0,BK1401,40.638416,-73.953228,40.638161,-73.952987,05/22/2025,New Construction,No,Non Prevailing Wage,,,9.0,,46.0,,4.0,5.0,31.0,15.0,,,,,55.0,,55,55,3000000.0
76342,2423 BARKER AVENUE APARTMENTS,08/16/2024,05/23/2025,47147.0,2423,BARKER AVENUE,Bronx,10467.0,2044240048.0,2000000.0,BX-11,15,33202.0,BX1104,40.861955,-73.869429,40.862151,-73.869699,05/23/2025,New Construction,No,Non Prevailing Wage,,,,,12.0,,1.0,8.0,2.0,1.0,,,,,12.0,,12,38,2000000.0
75658,218 FRONT STREET APARTMENTS,06/10/2024,05/23/2025,296347.0,218,FRONT STREET,Brooklyn,11201.0,3000550020.0,3000000.0,BK-02,33,21.0,BK0202,40.702309,-73.983698,40.701876,-73.983742,05/23/2025,New Construction,No,Non Prevailing Wage,,,,,66.0,,16.0,17.0,33.0,,,,,,66.0,,66,218,3000000.0
76434,463 WEST 125TH STREET APARTMENTS,12/26/2024,05/28/2025,1015652.0,463,WEST 125 STREET,Manhattan,10027.0,1019660040.0,1000000.0,MN-09,7,20901.0,MN0901,40.812869,-73.955807,40.813159,-73.955659,05/28/2025,New Construction,No,Non Prevailing Wage,,,,,5.0,,2.0,3.0,,,,,,,5.0,,5,14,1000000.0
76242,931 NEW YORK AVENUE,08/14/2024,05/28/2025,344068.0,931,NEW YORK AVENUE,Brooklyn,11203.0,3048870063.0,3109420.0,BK-17,40,856.0,BK1701,40.650427,-73.946607,40.650592,-73.946314,05/28/2025,New Construction,No,Non Prevailing Wage,,,,,4.0,,1.0,1.0,2.0,,,,,,4.0,,4,12,3109420.0
64886,ROCKAWAY VILLAGE PHASE 3,12/30/2020,05/28/2025,996947.0,1721,REDFERN AVENUE,Queens,11691.0,4155377501.0,4620755.0,QN-14,31,103202.0,QN1401,40.606694,-73.753145,40.606419,-73.752861,08/21/2023,New Construction,No,Non Prevailing Wage,89.0,88.0,176.0,,,1.0,42.0,102.0,163.0,47.0,,,,,354.0,,354,354,4620755.0
72135,16 DUPONT STREET,12/12/2022,05/29/2025,1006239.0,16,DUPONT STREET,Brooklyn,11222.0,3024940006.0,3000000.0,BK-01,33,56302.0,BK0101,40.735419,-73.95985,40.735205,-73.959716,05/29/2025,New Construction,No,Non Prevailing Wage,,,37.0,,,,9.0,9.0,19.0,,,,,,37.0,,37,381,3000000.0
76279,257 DRIGGS AVENUE,09/24/2024,05/30/2025,234532.0,257,DRIGGS AVENUE,Brooklyn,11222.0,3026990009.0,3067546.0,BK-01,33,499.0,BK0101,40.722662,-73.948013,40.72236,-73.947927,05/30/2025,New Construction,No,Non Prevailing Wage,,,,,6.0,,1.0,1.0,4.0,,,,,,6.0,,6,18,3067546.0
74573,26-36 4TH STREET,09/19/2023,05/30/2025,992498.0,26-36,4 STREET,Queens,11102.0,4009100039.0,4000000.0,QN-01,22,87.0,QN0102,40.775573,-73.932938,40.775247,-73.933433,05/30/2025,New Construction,No,Non Prevailing Wage,,,,,3.0,,,3.0,,,,,,,3.0,,3,10,4000000.0
73814,164 4TH AVENUE,02/02/2024,06/05/2025,1016760.0,336,DOUGLASS STREET,Brooklyn,11217.0,,,BK-06,39,11901.0,BK0601,40.679558,-73.982406,,,06/05/2025,New Construction,No,Non Prevailing Wage,,38.0,,,,,3.0,29.0,6.0,,,,,,38.0,,38,188,
75703,807 WASHINGTON AVENUE,04/09/2024,06/06/2025,971016.0,807,WASHINGTON AVENUE,Brooklyn,11238.0,3011800005.0,3029644.0,BK-08,35,215.0,BK0801,40.672277,-73.962682,40.672205,-73.962368,06/06/2025,New Construction,No,Non Prevailing Wage,,,,,4.0,,1.0,1.0,2.0,,,,,,4.0,,4,11,3029644.0
76752,806 EAST 170TH STREET APARTMENTS,01/30/2025,06/09/2025,1016054.0,806,EAST 170 STREET,Bronx,10459.0,2029630018.0,2000000.0,BX-03,17,153.0,BX0303,40.833152,-73.895471,40.832885,-73.895681,06/09/2025,New Construction,No,Non Prevailing Wage,,,,,100.0,,18.0,7.0,75.0,,,,,,100.0,,100,100,2000000.0
76757,237 MCGUINNESS BLVD APARTMENTS,01/28/2025,06/11/2025,1008308.0,237,MCGUINNESS BOULEVARD,Brooklyn,11222.0,3025760007.0,3000000.0,BK-01,33,575.0,BK0101,40.730107,-73.951295,40.730171,-73.951745,06/11/2025,New Construction,No,Non Prevailing Wage,,,,,21.0,,5.0,5.0,11.0,,,,,,21.0,,21,70,3000000.0
75717,391 MEEKER AVENUE,04/01/2024,06/13/2025,335464.0,391,MEEKER AVENUE,Brooklyn,11222.0,3027230033.0,3067912.0,BK-01,33,499.0,BK0101,40.718685,-73.947032,40.718745,-73.947133,06/13/2025,New Construction,No,Non Prevailing Wage,,,,,3.0,,,,3.0,,,,,,3.0,,3,10,3067912.0
74585,69 ADAMS ST APARTMENTS,08/16/2023,06/13/2025,182583.0,61,ADAMS STREET,Brooklyn,11201.0,3000520004.0,3000000.0,BK-02,33,21.0,BK0202,40.702354,-73.988538,40.702104,-73.988333,06/13/2025,New Construction,No,Non Prevailing Wage,,,,,70.0,,18.0,23.0,29.0,,,,,,70.0,,70,231,3000000.0
76416,2301 BEAUMONT AVENUE,10/29/2024,06/16/2025,1014454.0,2301,BEAUMONT AVENUE,Bronx,10458.0,2030890065.0,2000000.0,BX-06,15,391.0,BX0603,40.852105,-73.885501,40.852223,-73.88562,06/16/2025,New Construction,No,Non Prevailing Wage,,,,,19.0,,9.0,6.0,4.0,,,,,,19.0,,19,20,2000000.0
76276,1846 GUERLAIN STREET,09/24/2024,06/16/2025,1014051.0,1846,GUERLAIN STREET,Bronx,10460.0,2039220003.0,2000000.0,BX-09,18,21601.0,BX0901,40.83959,-73.865443,40.839365,-73.865425,06/16/2025,New Construction,No,Non Prevailing Wage,,,,,7.0,,,7.0,,,,,,,7.0,,7,8,2000000.0
76335,65 STANHOPE,07/03/2024,06/16/2025,375679.0,65,STANHOPE STREET,Brooklyn,11221.0,3032540066.0,3000000.0,BK-04,34,421.0,BK0401,40.696217,-73.924849,40.696324,-73.92508,06/16/2025,New Construction,No,Non Prevailing Wage,,,,,3.0,,,3.0,,,,,,,3.0,,3,7,3000000.0
76336,63 STANHOPE STREET,07/03/2024,06/16/2025,1017218.0,63,STANHOPE STREET,Brooklyn,11221.0,,,BK-04,34,421.0,BK0401,40.696179,-73.924889,,,06/16/2025,New Construction,No,Non Prevailing Wage,,,,,3.0,,,3.0,,,,,,,3.0,,3,7,
74993,779 FLATBUSH AVENUE APARTMENTS,11/08/2023,06/16/2025,292926.0,779,FLATBUSH AVENUE,Brooklyn,11226.0,3050640001.0,3328167.0,BK-14,40,79602.0,BK1401,40.653853,-73.959495,40.653756,-73.95916,06/16/2025,New Construction,No,Non Prevailing Wage,,,,,9.0,,,6.0,3.0,,,,,,9.0,,9,27,3328167.0
75700,HANOVER HOUSE,04/15/2024,06/18/2025,307563.0,15,HANOVER PLACE,Brooklyn,11201.0,3001610003.0,3000000.0,BK-02,33,37.0,BK0202,40.688827,-73.982454,40.688569,-73.982216,06/18/2025,New Construction,No,Non Prevailing Wage,,,,,95.0,,,87.0,8.0,,,,,,95.0,,95,314,3000000.0
75714,MASON GRAY,04/03/2024,06/20/2025,1013454.0,955,STERLING PLACE,Brooklyn,11213.0,3012420070.0,3000000.0,BK-08,36,341.0,BK0802,40.672347,-73.946733,40.672578,-73.946751,06/20/2025,New Construction,No,Non Prevailing Wage,,,,,48.0,,10.0,31.0,7.0,,,,,,48.0,,48,157,3000000.0
75412,88-36 139 STREET,01/05/2024,06/20/2025,667616.0,138-45,JAMAICA AVENUE,Queens,11435.0,4096200033.0,4000000.0,QN-12,24,214.0,QN0805,40.702547,-73.813885,40.702785,-73.813668,06/20/2025,New Construction,No,Non Prevailing Wage,,,,,25.0,,6.0,15.0,4.0,,,,,,25.0,,25,81,4000000.0
73753,3327 WHITE PLAINS ROAD,01/03/2023,06/20/2025,123251.0,3327,WHITE PLAINS ROAD,Bronx,10467.0,2046240049.0,2000000.0,BX-12,12,374.0,BX1201,40.874054,-73.867083,40.874044,-73.867449,06/20/2025,New Construction,No,Non Prevailing Wage,,,,,7.0,,1.0,3.0,3.0,,,,,,7.0,,7,22,2000000.0
75661,2316 GRAND AVE APARTMENTS_HPS,06/05/2024,06/23/2025,81550.0,2316,GRAND AVENUE,Bronx,10468.0,2031980017.0,2014244.0,BX-07,14,253.0,BX0701,40.860524,-73.904777,40.86062,-73.904419,06/23/2025,New Construction,No,Non Prevailing Wage,,,,,14.0,,11.0,3.0,,,,,,,14.0,,14,15,2014244.0
74819,413 THROOP AVENUE APARTMENTS,10/24/2023,06/23/2025,381193.0,413,THROOP AVENUE,Brooklyn,11221.0,3018010001.0,3000000.0,BK-03,36,279.0,BK0302,40.688874,-73.942101,40.688852,-73.941802,06/23/2025,New Construction,No,Non Prevailing Wage,,,,,2.0,,,1.0,1.0,,,,,,2.0,,2,6,3000000.0
76330,2958 MARION AVE APARTMENTS,07/03/2024,06/24/2025,1013073.0,2958,MARION AVENUE,Bronx,10458.0,2032850007.0,2000000.0,BX-07,11,415.0,BX0702,40.868981,-73.884246,40.868838,-73.884011,06/24/2025,New Construction,No,Non Prevailing Wage,,,,,3.0,,,2.0,1.0,,,,,,3.0,,3,10,2000000.0
76332,2960 MARION AVE APARTMENTS,07/03/2024,06/24/2025,1013074.0,2960,MARION AVENUE,Bronx,10458.0,2032850009.0,2000000.0,BX-07,11,415.0,BX0702,40.869014,-73.884188,40.868879,-73.883946,06/24/2025,New Construction,No,Non Prevailing Wage,,,,,3.0,,,2.0,1.0,,,,,,3.0,,3,10,2000000.0
73431,1889 ATLANTIC AVENUE,12/19/2023,06/24/2025,1007984.0,1889,ATLANTIC AVENUE,Brooklyn,11233.0,3017140030.0,3000000.0,BK-03,41,299.0,BK0302,40.676975,-73.922355,40.677255,-73.922131,06/24/2025,New Construction,No,Non Prevailing Wage,,,16.0,,,,3.0,5.0,8.0,,,,,,16.0,,16,89,3000000.0
76404,1700 JEROME AVENUE,10/15/2024,06/25/2025,369117.0,1621,SHEEPSHEAD BAY ROAD,Brooklyn,11235.0,3074620067.0,3205005.0,BK-15,48,600.0,BK1503,40.586866,-73.952609,40.587151,-73.951946,06/25/2025,New Construction,No,Non Prevailing Wage,,,,,11.0,,1.0,7.0,3.0,,,,,,11.0,,11,36,3205005.0
74814,3001 GRAND CONCOURSE,10/29/2023,06/25/2025,81912.0,3003,GRAND CONCOURSE,Bronx,10468.0,2033100074.0,2000000.0,BX-07,14,411.0,BX0702,40.873137,-73.887204,40.87297,-73.88779,06/25/2025,New Construction,No,Non Prevailing Wage,,,,,43.0,,8.0,27.0,8.0,,,,,,43.0,,43,44,2000000.0
74661,1417 AVENUE J,09/06/2023,06/26/2025,188866.0,1417,AVENUE J,Brooklyn,11230.0,3067077501.0,3179617.0,BK-14,44,530.0,BK1403,40.625116,-73.962074,40.625398,-73.961688,06/26/2025,New Construction,No,Non Prevailing Wage,,,,,6.0,,,5.0,1.0,,,,,,6.0,,6,17,3179617.0
63931,39-11 QUEENS BLVD,10/09/2018,06/26/2025,978673.0,39-11,QUEENS BOULEVARD,Queens,11104.0,4001910044.0,4000000.0,QN-02,26,17901.0,QN0202,40.743982,-73.925669,40.744342,-73.925391,06/26/2025,New Construction,No,Non Prevailing Wage,,,9.0,,6.0,,2.0,8.0,5.0,,,,,,15.0,,15,48,4000000.0
76277,1848 GUERLAIN STREET,09/25/2024,06/27/2025,1013695.0,1848,GUERLAIN STREET,Bronx,10460.0,2039220004.0,2000000.0,BX-09,18,21601.0,BX0901,40.839612,-73.865374,40.839384,-73.865338,06/27/2025,New Construction,No,Non Prevailing Wage,,,,,9.0,,2.0,2.0,5.0,,,,,,9.0,,9,9,2000000.0
76282,767 EAST 232ND STREET,09/23/2024,06/27/2025,1015664.0,767,EAST 232 STREET,Bronx,10466.0,,,BX-12,11,422.0,BX1203,40.892078,-73.855585,,,06/27/2025,New Construction,No,Non Prevailing Wage,,,,,9.0,,6.0,3.0,,,,,,,9.0,,9,10,
75705,62 MARTENSE STREET,04/09/2024,06/27/2025,1013455.0,62,MARTENSE STREET,Brooklyn,11226.0,3050890131.0,3000000.0,BK-14,40,79602.0,BK1401,40.65131,-73.956909,40.65109,-73.956859,06/27/2025,New Construction,No,Non Prevailing Wage,,,,,3.0,,,2.0,1.0,,,,,,3.0,,3,10,3000000.0
